緯度,経度,施設名,所在地,水飲み栓設置場所,営業時間,入場料等,タイプ,稼働停止,備考
35.72911,139.29451,あきる野市役所本庁舎,あきる野市二宮３５０,１階,"月曜日～金曜日
8:30～17:15",,飲み口型,,
35.75652,139.84303,亀有学び交流館,葛飾区お花茶屋３－５－６,１階,"9:00~21:00
休館日：年末年始及び保守点検日",,飲み口型,,
35.7285575,139.8541883,西奥戸憩い交流館,葛飾区奥戸１－１２－１,１階,"9:00~21:30
休館日：年末年始及び保守点検日",,飲み口型,,
35.73667,139.86189,奥戸総合スポーツセンター体育館,葛飾区奥戸７－１７－１,１・２階,"9:00~21:00
休館日：年末年始及び保守点検日",,飲み口型,,
35.74531887,139.8745667,鎌倉憩い交流館,葛飾区鎌倉２－６－２０,１階,"9:00~21:00
休館日：年末年始及び保守点検日",,飲み口型,,
35.7660004,139.8665234,末広憩い交流館,葛飾区金町５－４－１,１階,"9:00~21:30
休館日：年末年始及び保守点検日",,飲み口型,,
35.7413,139.86314,奥戸総合スポーツセンター温水プール館,葛飾区高砂１－２－１,１・２階,"9:00~21:00
休館日：年末年始及び保守点検日",,飲み口型,,
35.74596597,139.8686309,高砂地区センター,葛飾区高砂３－１－３９,１・２・３階,"9:00~21:00
休館日：年末年始及び保守点検日",,飲み口型,,
35.75373464,139.881937,柴又学び交流館,葛飾区柴又５－３３－８,１・２・３階,"9:00~21:00
休館日：年末年始及び保守点検日",,飲み口型,,
35.75486754,139.8241374,小菅憩い交流館,葛飾区小菅３－６－１,１階,"9:00~21:00
休館日：年末年始及び保守点検日",,飲み口型,,
35.75909627,139.8590164,新宿憩い交流館,葛飾区新宿１－５－６,１階,"9:00~21:00
休館日：年末年始及び保守点検日",,飲み口型,,
35.71639,139.86179,新小岩地区センター,葛飾区新小岩２－１７－１,２階,"9:00~21:00
休館日：年末年始及び保守点検日",,飲み口型,,
35.78183646,139.8587448,水元総合スポーツセンター,葛飾区水元１－２３－１,１・２・３階・プール内,"9:00~21:00
休館日：年末年始及び保守点検日",一部有料,ボトルディスペンサー型・飲み口型,,
35.78815788,139.8606775,水元憩い交流館,葛飾区水元４－６－１５,１階,"9:00~21:00
休館日：年末年始及び保守点検日",,飲み口型,,
35.75690917,139.8371223,中道憩い交流館,葛飾区西亀有１－２－７,１階,"9:00~21:30
休館日：年末年始及び保守点検日",,飲み口型,,
35.76253,139.83818,砂原憩い交流館,葛飾区西亀有３－１２－１,１階,"9:00~21:30
休館日：年末年始及び保守点検日",,飲み口型,,
35.71819421,139.8546346,たつみ憩い交流館,葛飾区西新小岩２－１－４,１階,"9:00~21:00
休館日：年末年始及び保守点検日",,飲み口型,,
35.7501302,139.8543748,青戸地区センター,葛飾区青戸５－２０－６,２・３・４階,"9:00~21:00
休館日：年末年始及び保守点検日",,飲み口型,,
35.75311203,139.8570735,青戸中央憩い交流館,葛飾区青戸６－１６－１２,１階,"9:00~21:00
休館日：年末年始及び保守点検日",,飲み口型,,
35.75245689,139.8525629,テクノプラザかつしか（葛飾区地域産業振興会館）,葛飾区青戸７ー２ー１,２階,"9:00~21:00
休館日：年末年始及び保守点検日",,飲み口型,,
35.77932065,139.8779761,東金町憩い交流館,葛飾区東金町５－２２－１８,１階,"9:00~21:00
休館日：年末年始及び保守点検日",,飲み口型,,
35.72900855,139.8406228,東四つ木地区センター,葛飾区東四つ木１－２０－４,１階,"9:00~21:00
休館日：年末年始及び保守点検日",,飲み口型,,
35.72446,139.85875,新小岩北地区センター,葛飾区東新小岩６－２１－１,１階,"9:00~21:00
休館日：年末年始及び保守点検日",,飲み口型,,
35.73411847,139.847485,東立石地区センター,葛飾区東立石２－１５－７,１階,"9:00~21:00
休館日：年末年始及び保守点検日",,飲み口型,,
35.77944,139.85573,水元学び交流館,葛飾区南水元２－１３－１,１・３階,"9:00~21:00
休館日：年末年始及び保守点検日",,飲み口型,,
35.75301,139.84344,郷土と天文の博物館,葛飾区白鳥3-25-1,1階、3階,"9:00~17:00、祝日以外の金・土曜日9:00~21:00
1/2,3 12:00~17:00
休館日：月曜日、第2・4火曜日(月曜祝日は開館、火曜祝日は開館し、その直後の平日は休館)、12/28~1/1,1/4",,飲み口型,,
35.74014356,139.8372064,四つ木地区センター,葛飾区宝町１－１－２２,１階,"9:00~21:30
休館日：年末年始及び保守点検日",,飲み口型,,
35.74769484,139.8371707,宝町憩い交流館,葛飾区宝町２－３８－１９,１階,"9:00~21:00
休館日：年末年始及び保守点検日",,飲み口型,,
35.74045869,139.82944,堀切憩い交流館,葛飾区堀切１－２３－６,１階,"9:00~21:00
休館日：年末年始及び保守点検日",,飲み口型,,
35.74730706,139.8280876,堀切地区センター,葛飾区堀切３－８－５,１階,"9:00~21:00
休館日：年末年始及び保守点検日",,飲み口型,,
35.74125,139.85338,水道局葛飾営業所,葛飾区立石８－１７－４,１階,平日8:30-17:15,,飲み口型,,
35.72495402,139.5779772,関町リサイクルセンター,練馬区関町北１－７－１４,２階給湯室前,"9:00~17:00
休館日：毎週水曜日※祝・休日は開館し、その直後の祝・休日でない日に休館",,飲み口型,,
35.69470579,139.8832598,一之江コミュニティ会館,江戸川区一之江２－６－１５,１階,9:00~21:30,,飲み口型,,
35.68627,139.88194,コミュニティプラザ一之江,江戸川区一之江７－３５－２２,４階,9:00~21:30,,飲み口型,,
35.686,139.8831,一之江駅（都営新宿線）,江戸川区一之江８－１４－１　,ホーム,始発から終電まで,有料,飲み口型,,
35.68409547,139.9000835,東部図書館,江戸川区江戸川2-26-1,１階エントランス,"9:00~21:30 
休館日：毎月第４月曜日（月曜が祝日の場合は火曜日）",,飲み口型,,
35.68670972,139.9030289,江戸川コミュニティ会館,江戸川区江戸川２－３３－９,１階,9:00~21:30,,飲み口型,,
35.6755602,139.8708603,葛西図書館,江戸川区江戸川６－２４－１,1階ホール,"9:00~21:30 
休館日：毎月第４月曜日（月曜が祝日の場合は火曜日）",,飲み口型,,
35.6769619,139.8807768,二之江コミュニティ会館,江戸川区江戸川６－４６,１階ホール・２階,9:00~21:30,,飲み口型,,
35.70945,139.88974,鹿骨区民館,江戸川区鹿骨1－５４－２,２階ロビー,9:00~21:30,,飲み口型,,
35.7055,139.90289,篠崎文化プラザ,江戸川区篠崎町７－２０－１９,３階,9:00~21:30,,飲み口型,,
35.70583,139.90366,篠崎駅（都営新宿線）,江戸川区篠崎町７－２７－１,ホーム,始発から終電まで,有料,飲み口型,,
35.70583077,139.9038101,篠崎コミュニティホール,江戸川区篠崎町７－２７－１交通会館篠崎ビル,５階,9:00~21:30,,飲み口型,,
35.69671533,139.8488418,小松川さくらホール,江戸川区小松川３－６－３,１・２・３・４・５階,9:00~21:30,,飲み口型,,
35.69691572,139.8713058,松江区民プラザ,江戸川区松江２－１－１０,１・２階,9:00~21:30,,飲み口型,,
35.68768102,139.8662047,水道局江戸川営業所,江戸川区松江５－４－１２,１階,平日8:30-17:15,,飲み口型,,
35.69119153,139.8730327,松江コミュニティ会館,江戸川区松江７－５－１２,１・３階,9:00~21:30,,飲み口型,,
35.70605,139.86636,グリーンパレス,江戸川区松島１－３８－１,新館２階ロビー・３階ロビー・４階ロビー,9:00~21:30,,飲み口型,,
35.71121431,139.8583562,松島コミュニティ会館,江戸川区松島4-25-6,１階、２階、３階,,,ボトルディスペンサー型,,
35.71734406,139.8763576,総合体育館,江戸川区松本１－３５－１,体育棟１・２階・プール棟１階・アーチェリー場１階,8:30~22:30,,飲み口型,,
35.72567305,139.8724789,上一色コミュニティセンター,江戸川区上一色２－６－１０,１階ロビー,9:00~21:30,,飲み口型,,
35.70812,139.90123,篠崎コミュニティ会館,江戸川区上篠崎４－２１－８,１・２階,9:00~21:30,,飲み口型,,
35.69334,139.89775,瑞江駅（都営新宿線）,江戸川区瑞江２－２－１,ホーム,始発から終電まで,有料,飲み口型,,
35.69398,139.89775,東部フレンドホール,江戸川区瑞江２－５－７,５階,9:00~21:30,,飲み口型,,
35.65897922,139.8559215,清新町コミュニティ会館,江戸川区清新町１－２－２,１階ロビー,9:00~21:30,,飲み口型,,
35.65518914,139.852733,陸上競技場,江戸川区清新町２－１－１,ロビー,9:00~21:00,,ボトルディスペンサー型,,
35.66786,139.8625,スポーツセンター,江戸川区西葛西４－２－２０,１・２・３階,9:00~23:00,,ボトルディスペンサー型,,
35.66476496,139.8628604,西葛西図書館,江戸川区西葛西５－１０－４７,１階トイレ前,"9:00~21:30 
休館日：毎月第４月曜日（月曜が祝日の場合は火曜日）",,飲み口型,,
35.66176,139.85762,江戸川区球場,江戸川区西葛西７－２－１,給湯室,8:00~21:00,,飲み口型,,
35.73713933,139.8801913,西小岩コミュニティ会館,江戸川区西小岩４－３－２２,１・２階ロビー,9:00~21:30,,飲み口型,,
35.68680759,139.891047,瑞江コミュニティ会館,江戸川区西瑞江３－１８－１,１階,9:00~21:30,,飲み口型,,
35.68637354,139.8623131,船堀コミュニティ会館,江戸川区船堀１－３－１,２・３階,9:00~21:30,,飲み口型,,
35.6838,139.86421,船堀駅（都営新宿線）,江戸川区船堀３－６－１,ホーム,始発から終電まで,有料,飲み口型,,
35.68426,139.86491,タワーホール船堀,江戸川区船堀４－１－１,１・２・３・４・５・６階,9:00~21:30,,飲み口型,,
35.67552456,139.8692827,新川さくら館,江戸川区船堀７－１５－１２,１階ロビー,9:00~21:30,,飲み口型,,
35.71046,139.86975,中央図書館,江戸川区中央３－１－３,１・４階,"9:00~21:30 
休館日：毎月第４月曜日（月曜が祝日の場合は火曜日）",,ボトルディスペンサー型・飲み口型,,
35.71118,139.86815,総合文化センター,江戸川区中央４－１４－１,１階,8:30~22:00,,飲み口型,,
35.66589,139.86938,葛西区民館,江戸川区中葛西３－１０－１,２階・３階・４階ホール,9:00~21:30,,飲み口型,,
35.65459,139.86659,新田コミュニティ会館,江戸川区中葛西７－１７－１,１階ロビー,9:00~21:30,,飲み口型,,
35.66597017,139.8777751,長島桑川コミュニティ会館,江戸川区東葛西５－３１－１８,１・２・３階,9:00~21:30,,飲み口型,,
35.65495,139.87964,東葛西コミュニティ会館,江戸川区東葛西８－２２－１,１階ロビー・３階ロビー,9:00~21:30,,飲み口型,,
35.69851,139.91699,スポーツランド,江戸川区東篠崎１－８－１,１階ホール,7:40~22:20,,飲み口型,,
35.73141615,139.8905007,小岩図書館,江戸川区東小岩３－６－９,１・２・３・４階,"9:00~21:30 
休館日：毎月第４月曜日（月曜が祝日の場合は火曜日）",,飲み口型,,
35.73388434,139.888087,小岩区民館,江戸川区東小岩６－９－１４,"１階事務所待合室,２～４階ロビー",9:00~21:30,,飲み口型,,
35.68996,139.89966,東部区民館,江戸川区東瑞江１－１７－１,１・２階,9:00~21:30,,飲み口型,,
35.64679386,139.8760504,南葛西会館,江戸川区南葛西６－８－９,１・４階,9:00~21:30,,飲み口型,,
35.7305539,139.8820568,南小岩コミュニティ会館,江戸川区南小岩７－１７－１０,１・２階ロビー,9:00~21:30,,飲み口型,,
35.70146497,139.8510369,小松川図書館,江戸川区平井１－１１－２６,階段踊り場（１～２階・２～３階）,"9:00~21:30 
休館日：毎月第４月曜日（月曜が祝日の場合は火曜日）",,飲み口型,,
35.70276099,139.848073,小松川区民館,江戸川区平井４－１－１,１・３階,9:00~21:30,,飲み口型,,
35.70579048,139.8480104,平井コミュニティ会館,江戸川区平井４－１８－１０,１階,9:00~21:30,,飲み口型,,
35.71191,139.8398,中平井コミュニティ会館,江戸川区平井７－１－６,１・２階,9:00~21:30,,飲み口型,,
35.67290675,139.8570151,北葛西コミュニティ会館,江戸川区北葛西２－１１－３９,１階,9:00~21:30,,飲み口型,,
35.7358,139.89247,小岩アーバンプラザ,江戸川区北小岩１－１７－１,１階ロビー・３階ロビー,9:00~21:30,,ボトルディスペンサー型・飲み口型,,
35.74212,139.88692,北小岩コミュニティ会館,江戸川区北小岩６－３５－１７,１・２階ロビー,9:00~21:30,,飲み口型,,
35.64967772,139.8548659,臨海球技場,江戸川区臨海町１－１－２,管理棟横通路,8:00~21:00,,飲み口型,,
35.65296352,139.8600677,臨海町コミュニティ会館,江戸川区臨海町２－２－９,１階・２階,9:00~21:30,,飲み口型,,
35.67028667,139.7913822,深川スポーツセンター,江東区越中島１－２－１８　,１・２・３・４階,,,ボトルディスペンサー型・飲み口型,,
35.7003,139.82063,江東区亀戸野球場庭球場(Ｒ７.4月～休場）,江東区亀戸２－６－５０,令和7年４月から休場に付きご利用不可,,,飲み口型,,
35.70018577,139.8365184,亀戸スポーツセンター,江東区亀戸８－２２－１,地下１階・１・２・３階,,,飲み口型,,
35.67979,139.80807,東京都現代美術館,江東区三好４－１－１,地下２階・地下１階・１・２・３階,,一部有料,飲み口型,,
35.65744726,139.8018088,深川南部保健相談所,江東区枝川１－８－１５－１０２,１階,,,飲み口型,,
35.68760116,139.812656,江東区こどもプラザ,江東区住吉1-9-8,1階、2階、3階、4階（5階）※5階は水を止めているため使用不可,"9時～20時
（日曜・祝日・12/28は19時まで）",,飲み口型,,
35.68903372,139.8158219,住吉駅（都営新宿線）,江東区住吉２－２３－１２,ホーム,始発から終電まで,有料,飲み口型,,
35.66890086,139.824582,水道局東部第一支所,江東区新砂１－７－２,１階,平日8:30-17:15,,ボトルディスペンサー型・飲み口型,,
35.65688001,139.8354986,江東区新砂運動場,"江東区新砂３－９－１
（砂町水再生センター内）",１階,,,ボトルディスペンサー型・飲み口型,,
35.68822,139.79781,森下駅（都営新宿線）,江東区森下１－１３－１０,ホーム,始発から終電まで,有料,飲み口型,,
35.68803877,139.7982111,森下駅（都営大江戸線）,江東区森下２－１７－１７,ホーム,始発から終電まで,有料,飲み口型,,
35.67913927,139.7966139,深川図書館,江東区清澄　3-3-39,1階,"月～土：9時～20時
日曜・祝日・休日・12/28：9時～19時
※特別整理期間及び全館休館日を除く",,飲み口型,,
35.68284728,139.8142766,小松橋出張所・区民館,江東区扇橋２－１－５,２階,8:30~17:00,,飲み口型,,
35.68402895,139.8201658,男女共同参画推進センター,江東区扇橋３－２２－２,１・３階,,,飲み口型,,
35.68940602,139.8263555,西大島駅（都営新宿線）,江東区大島２－４１－１９,ホーム,始発から終電まで,有料,飲み口型,,
35.68924772,139.8269761,江東区総合区民センター,江東区大島４-５-１,１・２・３・４・５・６・７階,,,飲み口型,,
35.68979244,139.8347547,大島駅（都営新宿線）,江東区大島５－１０－８,ホーム,始発から終電まで,有料,飲み口型,,
35.68996734,139.8475267,東大島駅（都営新宿線）,江東区大島９－３－１４,ホーム,始発から終電まで,有料,飲み口型,,
35.65128,139.81482,東京アクアティクスセンター,江東区辰巳２－２－１,１階,,,飲み口型,,
35.65531,139.80975,江東区潮見野球場庭球場,江東区潮見１－１－１,１階,,,飲み口型,,
35.65572244,139.8116808,江東区環境学習情報館,江東区潮見１ー２９－７,２階,"9:00~17:00
※常設展示は9:30～17:00、入館は16:30まで",,飲み口型,,
35.64358015,139.8051107,東雲図書館,江東区東雲2－7－5－201（トミンタワー東雲2階）,2階,"月～土：9時～20時
日曜・祝日・休日・12/28：9時～19時
※特別整理期間及び全館休館日を除く",,飲み口型,,
35.68381362,139.8396917,江東区東砂庭球場,江東区東砂１－２－１３,１階,,,飲み口型,,
35.68024491,139.8459661,江東区荒川砂町庭球場,江東区東砂３－２８－１３,１階,,,ボトルディスペンサー型・飲み口型,,
35.67922582,139.8394491,東砂スポーツセンター,江東区東砂４－２４－１,地下１階・２階,8:30～22:00,,ボトルディスペンサー型・飲み口型,,
35.66580968,139.8140897,江東区健康センター,江東区東陽２－１－１,２・３階,"9:00～21:00
毎月第2・4月曜日（祝・休日の場合は翌日）及び年末年始（12/29～翌年1/3）は休館日",,飲み口型,,
35.67290859,139.8173088,江東区役所,江東区東陽４－１１－２８,２～９階,"月~金曜日 8:30~17:00
※一部の窓口業務について、水曜19:00まで、原則毎月第2日曜日(3月を除く)9:00~16:00",,飲み口型,,
35.67445609,139.8115,江東区豊住庭球場,江東区東陽６－１－１３,１階,,,ボトルディスペンサー型・飲み口型,,
35.67472655,139.8122643,高齢者総合福祉センター,江東区東陽６－２－１７,１・２階,月~土曜日8:30~19:00、第1.3.5日曜日8:30~18:00,,飲み口型,,
35.67434994,139.8276976,城東南部保健相談所,江東区南砂４－３－１０,２階・３階・４階,8：30~17:00,,飲み口型,,
35.67176465,139.8339952,江東図書館,江東区南砂６－７－５２,１階・２階,"9：30～17：00
最終入場（16：00まで）",,飲み口型,,
35.6822713,139.7987836,清澄白河駅（都営大江戸線）,江東区白河１－７－１４,ホーム,始発から終電まで,有料,飲み口型,,
35.67177208,139.7985277,富岡出張所・区民館,江東区富岡１－１６－１２,１階,8:30~17:00,,飲み口型,,
35.67229133,139.7989014,深川庭球場,江東区富岡1-17-9,1階,,,ボトルディスペンサー型・飲み口型,,
35.67698879,139.80514,深川北スポーツセンター,江東区平野３－２－２０,１・２階,8:30~22:00,,ボトルディスペンサー型・飲み口型,,
35.68416323,139.8217082,スポーツ会館,江東区北砂１－２－９,１・２・３階,,,ボトルディスペンサー型・飲み口型,,
35.67756,139.82854,砂町出張所・区民館,江東区北砂４－７－３,１階,8:30~17:00,,飲み口型,,
35.65297088,139.8222785,江東区夢の島野球場,江東区夢の島１－１－１,１階,,,ボトルディスペンサー型・飲み口型,,
35.6486,139.8237,江東区夢の島競技場,江東区夢の島１－１－２,１階,,,ボトルディスペンサー型・飲み口型,,
35.65132174,139.829356,夢の島熱帯植物館,江東区夢の島２－１－２,エントランス・カフェ,9:30~17:00(最終入場16:00まで）,有料,ボトルディスペンサー型・飲み口型,,
35.67206756,139.7956927,門前仲町駅（都営大江戸線）,江東区門前仲町２－５－２先,ホーム,始発から終電まで,有料,飲み口型,,
35.63320131,139.7837338,有明スポーツセンター,江東区有明２－３－５,Ａ棟７階・Ｂ棟３階,,,ボトルディスペンサー型・飲み口型,,
35.62982,139.79445,東京ビッグサイト,江東区有明３－１１－１,西展示棟１階アトリウムトイレ脇,"9：30～17：00
最終入場（16：00まで）",,ボトルディスペンサー型,,
35.63088396,139.7854799,東京都水の科学館,江東区有明３－１－８,１・２・３階エレベーター前,"9：30-17：00（入館は16：30まで）
休館日：月曜日（休日の場合その翌日）
　　　　年末年始：12月28日～1月4日",,ボトルディスペンサー型・飲み口型,,
35.63454805,139.7463434,芝浦中央公園運動場,港区港南１－４－１,,,,飲み口型,,
35.63297917,139.7494292,港南図書館,港区港南３－３－１７,２・３階,"月～土9:00~20:00、日・祝日・12/28：9:00~17:00
休館日：年末年始 (12/29~1/3)、館内整理日 (原則、毎月第3木曜日 祝日にあたる場合は開館し、第3水曜日に休館)、特別整理期間 (年1回10日以内)、その他臨時に休館することがあります。",,飲み口型,,
35.64183394,139.7344647,高輪図書館,"港区高輪１－１６ー２５
高輪コミュニティプラザ３階",３・４階フロア,"月~土曜 9:00~20:00
日曜・祝日・12/28：9:00~17:00
休館日：年末年始 (12/29~1/3)、館内整理日 (原則、毎月第3木曜日 祝日にあたる場合は開館し、第3水曜日に休館)、特別整理期間 (年1回10日以内)、その他臨時に休館することがあります。",,飲み口型,,
35.63873102,139.7399689,泉岳寺駅（都営浅草線）,港区高輪２－１６－３４,ホーム,始発から終電まで,有料,飲み口型,,
35.65445178,139.7442263,"東京水道株式会社
東京都水道局港営業所",港区三田1-3-27,1階,8:30~17:15,,飲み口型,,
35.64778961,139.7486531,三田駅（都営三田線）,港区芝５－１８－８,ホーム,始発から終電まで,有料,飲み口型,,
35.64587,139.7467,三田駅（都営浅草線）,港区芝５－３４－１０,ホーム,始発から終電まで,有料,飲み口型,,
35.64667644,139.7517983,港区スポーツセンター,港区芝浦１－１６－１みなとパーク芝浦内,３・４・５・８階,"8:30~22:30
休館日：毎月第1月曜（祝日、振替休日にあたるときはその翌日）、年末年始 (12/29~1/3)",,飲み口型,,
35.65983627,139.7501341,みなと図書館,港区芝公園３－２－２５,地下１階,"月~土 9:00~20:00
日曜・祝日・12/28 9:00~17:00
休館日：年末年始 (12/29~1/3)、館内整理日 (原則、毎月第3木曜日 祝日にあたる場合は開館し、第3水曜日に休館)、特別整理期間 (年1回10日以内)、その他臨時に休館することがあります。",,飲み口型,,
35.66077118,139.7446805,芝給水所公園運動場,港区芝公園３－６－７,,"10:00~19:00
休業日：年末年始 (12/29~1/3)",,飲み口型,,
35.65404267,139.7498415,芝公園駅（都営三田線）,港区芝公園４－８－１４,ホーム,始発から終電まで,有料,飲み口型,,
35.6655,139.75911,新橋駅（都営浅草線）,港区新橋２－２１－１先,ホーム,始発から終電まで,有料,飲み口型,,
35.66064564,139.7511992,御成門駅（都営三田線）,港区西新橋３－２４－６,ホーム,始発から終電まで,有料,飲み口型,,
35.67177203,139.7255557,赤坂図書館,港区青山１－３－３青山１丁目タワー３階,多目的ホール入り口前・消火栓横,"月~土9:00~20:00、日曜・祝日・12/28 9:00~17:00
休館日：年末年始 (12/29~1/3)、館内整理日 (原則、毎月第3木曜日 祝日にあたる場合は開館し、第3水曜日に休館)、特別整理期間 (年1回10日以内)、その他臨時に休館することがあります。",,飲み口型,,
35.66350089,139.7321027,六本木駅（都営大江戸線）,港区赤坂９－７－３９,ホーム,始発から終電まで,有料,飲み口型,,
35.66316245,139.7599566,汐留駅（都営大江戸線）,港区東新橋１－９－１先,ホーム,始発から終電まで,有料,飲み口型,,
35.6550259,139.7439975,赤羽橋駅（都営大江戸線）,港区東麻布１－２８－１３,ホーム,始発から終電まで,有料,飲み口型,,
35.66925623,139.718952,青山運動場,港区南青山２－２１－１２,,,,飲み口型,,
35.66414879,139.7172074,青山生涯学習館,港区南青山４－１９－７,２階給湯室,"月~金 9:00~21:30、土 9:00~17:00
休館日：日曜、祝日、臨時休館日、年末年始 (12/29~1/3)",,ボトルディスペンサー型,,
35.65213521,139.7264746,都立中央図書館,港区南麻布５ー７ー１３,１・４・５階,,,飲み口型,,
35.65248578,139.7278105,麻布運動場,港区南麻布５－６－３３,,,,飲み口型,,
35.63183457,139.7305374,高輪台駅（都営浅草線）,港区白金台２－２６－７先,ホーム,始発から終電まで,有料,飲み口型,,
35.65673671,139.7555694,大門駅（都営浅草線）,港区浜松町１－２７－１２,ホーム,始発から終電まで,有料,飲み口型,,
35.65650267,139.7559914,大門駅（都営大江戸線）,港区浜松町２－３－４,ホーム,始発から終電まで,有料,飲み口型,,
35.67280994,139.7239651,青山一丁目駅（都営大江戸線）,港区北青山１－２－４,ホーム,始発から終電まで,有料,飲み口型,,
35.65641059,139.7365992,麻布十番駅（都営大江戸線）,港区麻布十番１－４－６,ホーム,始発から終電まで,有料,飲み口型,,
35.65750488,139.735888,麻布図書館,港区六本木５－１２－２４,５階,"月~土 9:00~20:00、日曜・祝日・12/28 9:00~17:00
休館日：年末年始 (12/29~1/3)、館内整理日 (原則、毎月第3木曜日 祝日にあたる場合は開館し、第3水曜日に休館)、特別整理期間 (年1回10日以内)
その他臨時に休館することがあります。",,飲み口型,,
35.73383964,139.7839752,峡田ふれあい館,荒川3-3-10,1階、2階、3階,9:00~22:00,,飲み口型,,
35.74267093,139.7839384,荒川山吹ふれあい館,荒川7-6-8,3階,9:00~22:00,,飲み口型,,
35.73940946,139.7837771,ゆいの森あらかわ,荒川区荒川２－５０－１,２階,9:00~20:30,,ボトルディスペンサー型・飲み口型,,
35.74187199,139.7822225,町屋文化センター,荒川区荒川７－２０－１,２階,9:00~22:00,,飲み口型,,
35.73924944,139.7870784,荒川さつき会館,荒川区荒川８－１６－１３,１階,9:00~17:00,,飲み口型,,
35.7512121,139.7790603,町屋図書館,荒川区町屋５－１１－１８,２階,9:00~19:30,,ボトルディスペンサー型,,
35.72877432,139.777386,"荒川区立日暮里地域活性化施設
（ふらっとにっぽり）",荒川区東日暮里6-17-6,1階,8:30~22:00,,ボトルディスペンサー型・飲み口型,,
35.73113142,139.7750522,日暮里図書館,荒川区東日暮里６－３８－４,地下１階・１階,9:00~19:30,,ボトルディスペンサー型・飲み口型,,
35.74820787,139.7689119,男女平等推進センター,荒川区東尾久5－9－3,地下２階,9:00~22:00,,飲み口型,,
35.75019703,139.7728813,東京都立大学　荒川キャンパス,荒川区東尾久７－２－１０,食堂・喫茶室,,,ボトルディスペンサー型,,
35.75042775,139.7662478,尾久図書館,荒川区東尾久8-45-4,1階、2階,9:00~19:30,,ボトルディスペンサー型・飲み口型,,
35.73130472,139.8064455,石浜ふれあい館,荒川区南千住3-28-2,1階、2階、3階、4階,9:00~22:00,,飲み口型,,
35.73819099,139.7910293,南千住ふれあい館,荒川区南千住6-36-13,1階、2階、3階,9:00~22:00,,飲み口型,,
35.73835,139.79369,水道局東部第二支所,荒川区南千住６－４０－１,１階,平日8:30-17:15,,飲み口型,,
35.73580534,139.791207,荒川総合スポーツセンター,荒川区南千住6-45-5,1階,9:00~21:30,,ボトルディスペンサー型・飲み口型,,
35.73724589,139.7953296,南千住図書館,荒川区南千住６－６３－１,２階,9:00~19:30,,ボトルディスペンサー型,,
35.70769606,139.4431646,光公民館,国分寺市光町３－13－19,１階,"8:30～22:00
※第３月曜日・年末年始は休館・休日は休館",,飲み口型,,
35.71073,139.43433,西町プラザ,国分寺市西町３-22-１,１階,"9:00-22:00※
※夜間の利用が無い場合は21:00まで",,飲み口型,,
35.70782927,139.4641348,恋ケ窪図書館,国分寺市西恋ヶ窪４－１２－８,１階,"9:30～17:00
※毎週水曜日・年末年始・特別整理日は休館",,飲み口型,,
35.69809133,139.4700321,都立多摩図書館,国分寺市泉町２－２－２６,閲覧室,,,飲み口型,,
35.69219909,139.4833511,もとまち図書館,国分寺市東元町２－３－13,１階,"9:30～17:00
※毎週水曜日・年末年始・特別整理日は休館",,飲み口型,,
35.69222905,139.4833518,もとまち公民館,国分寺市東元町２－３－13,２階,"8:30～22:00
※第３月曜日・年末年始は休館・休日は休館",,ボトルディスペンサー型,,
35.69811786,139.4561488,内藤地域センター,国分寺市内藤２-22-34,１階,"9:00-22:00※
※水曜休館
※夜間の利用が無い場合は21:00まで",,飲み口型,,
35.71572,139.45323,並木公民館,国分寺市並木町２－12－３,１階,"8:30～22:00
※第３月曜日・年末年始は休館・休日は休館",,飲み口型,,
35.71779902,139.4499838,北町地域センター,国分寺市北町３-２-13,１階,"9:00-22:00※
※水曜休館
※夜間の利用が無い場合は17:00まで",,飲み口型,,
35.70521587,139.4826901,本多公民館,国分寺市本多１－７－１,２階,"8:30～22:00
※第１・第３月曜日（休日の場合を除く）・年末年始は休館",,飲み口型,,
35.69696144,139.4434135,国立市公民館,国立市中１－１５－１,１階正面玄関前,午前9時～午後10時　休館日：毎週月曜日,,飲み口型,,
35.68508479,139.4443962,くにたち中央図書館,国立市富士見台２－３４,２階洗面台前,"【平日（月曜日～金曜日）】午前9時30分～午後7時
【土日祝日】午前9時30分～午後5時",,飲み口型,,
35.68742421,139.4445358,くにたち福祉会館,国立市富士見台２－３８－５,１・３階,【平日（月曜日～金曜日）】午前9時～午後5時,,飲み口型,,
35.6838098,139.4413029,国立市役所本庁舎,国立市富士見台２－４７－１,地下１階・１・２・３階,"【平日（月曜日～金曜日）】午前8時30分～午後5時15分
【土曜開庁日（第2土曜日）】午前9時～午後4時",,飲み口型,,
35.68496341,139.4400055,くにたち市民芸術小ホール,国立市富士見台２－４８－１,芸術小ホール１階,午前9時～午後10時　休館日：第２、４木曜日,,飲み口型,,
35.68502046,139.4404175,くにたち市民総合体育館,国立市富士見台２－４８－１,地下２階プール・地下１階・１階,午前9時～午後10時　休館日：第２、４木曜日,一部有料,飲み口型,,
35.63207979,139.5860349,岩戸地域センター,狛江市岩戸南２－２－５,１階,9：00～21：30,○,飲み口型,,
35.62334,139.57993,南部地域センター,狛江市猪方４－１１－１,１階,9：00～21：30,○,飲み口型,,
35.63494,139.57837,狛江市役所,狛江市和泉本町１－１－５,２・３階,8：30～17：15,○,飲み口型,,
35.64528316,139.5680872,上和泉地域センター,狛江市和泉本町４－７－５１,１階,9：00～21：30,○,飲み口型,,
35.69182023,139.587268,三鷹台市政窓口,三鷹市井の頭２－13－２,１階,月曜～金曜　8時30分～17時00分,,飲み口型,,
35.70187,139.56201,三鷹ネットワーク大学,三鷹市下連雀３－２４－３　三鷹駅前協同ビル,３階,"火曜日～土曜日　9:30～21:30（入館は21:00まで）
日曜日　9:30～17:00",,ボトルディスペンサー型・飲み口型,,
35.70187,139.56201,三鷹駅前市政窓口,"三鷹市下連雀３-24-３-202
三鷹駅前協同ビル２階",２階,,,飲み口型,,
35.68419127,139.5600801,三鷹市教育センター,三鷹市下連雀９-１１-7,地下１階、１階、２階、３階,,,飲み口型,,
35.69275,139.55847,芸術文化センター,三鷹市上連雀６－１２－１４,１階風のホールホワイエ・星のホールホワイエ,,催しにより有料,飲み口型,,
35.68487005,139.5578342,上連雀分庁舎,三鷹市上連雀８－３－１０,１・２階,9:00～17：00,,飲み口型,,
35.68241314,139.5631299,第一分庁舎,三鷹市新川６－35－16,１階ホール,月曜～金曜　8：30～17：00,,飲み口型,,
35.68197594,139.5615916,三鷹中央防災公園・元気創造プラザ,三鷹市新川６－３７－１,"スポーツセンター：地下２階、地下１階、１階,プラザ：２階、３階、４階、５階""",,,飲み口型,,
35.66727842,139.5759613,三鷹東部市政窓口,三鷹市中原１-29-35,１階,月曜～金曜　8時30分～17時00分,,飲み口型,,
35.68326164,139.5592773,公会堂,三鷹市野崎１－１－１,ホールホワイエ,,催しにより有料,飲み口型,,
35.68288038,139.5591727,公会堂さんさん館,三鷹市野崎１－１－１,１・２・３・４階,,,飲み口型,,
35.68326,139.55942,三鷹市役所本庁舎,三鷹市野崎１－１－１,１階おくやみ窓口・３階議場棟横・４階休憩室・５階文書庫前,8：30～17：00,,飲み口型,,
35.68291733,139.5606611,三鷹市役所第二庁舎,三鷹市野崎１－１－１,１階ホール・２階休憩室・３階休憩室,8：30～17：00,,飲み口型,,
35.6831243,139.5605799,三鷹市役所第三庁舎,三鷹市野崎１－１－１,廊下,8：30～17：00,,飲み口型,,
35.68326,139.55942,三鷹市役所本庁舎,三鷹市野崎１－１－１,２階市税総合窓口,月曜～金曜　8：30～17：00,,飲み口型,,
35.68390749,139.5389188,三鷹西部市政窓口,三鷹市野崎３－28－11,１階,月曜～金曜　8時30分～17時00分,,飲み口型,,
35.66368237,139.6977408,渋谷区役所,渋谷区宇田川町１－１,１～１５階,平日8:30~17:15,,ボトルディスペンサー型・飲み口型,,
35.6453437,139.7195815,恵比寿社会教育館,渋谷区恵比寿２－２７－１８,地下１階,"9:00~20:30、日曜日は9:00~17:30
休館日：火曜日",,飲み口型,,
35.64711747,139.7065647,長谷戸社会教育館,渋谷区恵比寿西１－２３－４,１階,"9:00~20:30、日曜日は9:00~17:30
休館日：火曜日",,飲み口型,,
35.64944358,139.716117,臨川みんなの図書館,渋谷区広尾１－９－１７,１階第３閲覧室廊下,"火～土：9:00~19:00
日・月・祝休：9:00~17:00
休館日：第2・4月曜とその前週の火曜、第2木曜（祝休日の場合は開館し直後の平日が休館）",,飲み口型,,
35.655859,139.700121,こもれび大和田図書館,"渋谷区桜丘町２３－２１
文化総合センター大和田２階",児童用トイレ前,"月～土：9:00~21:00、日・祝休：9:00~17:00
休館日：第2・4月曜とその前週の火曜、第2木曜（祝休日の場合は開館し直後の平日が休館）",,飲み口型,,
35.673767,139.668145,笹塚図書館,"渋谷区笹塚１－４７－１
メルクマール京王笹塚４階",カウンター横,"火～土：10:00~21:00 、日・祝休10:00~18:00
休館日：月曜（祝休日の場合は開館）、第2木曜（祝休日の場合は開館し直後の平日が休館）",,飲み口型,,
35.67873,139.66975,笹塚こども図書館,渋谷区笹塚３－３－１,２階窓口前,"10:00~17:00
休館日：月曜、第2木曜（祝休日の場合は開館し直後の平日が休館）",,飲み口型,,
35.66182946,139.704553,美竹の丘・しぶや,渋谷区渋谷１－１８－９,１階総合案内前・２階階段,"火～土：9:00~21:00、日：9:00~17:00
休館日：月曜日、年末年始(12/29~1/3)",,飲み口型,,
35.6684907,139.6872497,富ヶ谷図書館,渋谷区上原１－４６－２,誰でもトイレ入口,"火～土：9:00~19:00
日・月・祝休：9:00~17:00
休館日：第1・3月曜とその翌週の火曜、第2木曜（祝休日の場合は開館し直後の平日が休館）",,飲み口型,,
35.66649607,139.6785321,上原社会教育館,渋谷区上原３－１３－８,地下１階・２階,"9:00~20:30、日曜日：9:00~17:30
休館日：月曜日",,飲み口型,,
35.67245181,139.7061331,中央図書館,渋谷区神宮前１－４－１,１・３階,"火～土：9:00~21:00、
日・月・祝休9：00～18：00
休館日：第1月曜、第3木曜（祝日の場合は開館し直後の平日が休館）",,飲み口型,,
35.67539408,139.6817138,総合ケアコミュニティ・せせらぎ,渋谷区西原１－４０－１０,１・２階階段踊り場・２階正面玄関ＥＶ横,"火～土：9:00~21:00、日：9:00~17:00
休館日：月曜日、年末年始(12/29~1/3)",,飲み口型,,
35.67489414,139.6778232,西原図書館,渋谷区西原２－２８－９,２階検索機付近,"火～土：9:00~19:00、日・月・祝休：9:00~17:00
休館日：第1・3月曜とその翌週の火曜、第2木曜（祝休日の場合は開館し直後の平日が休館）",,飲み口型,,
35.67936,139.71217,東京体育館,渋谷区千駄ヶ谷１－１７－１,プール棟,,有料,ボトルディスペンサー型・飲み口型,,
35.67804,139.71001,千駄ヶ谷社会教育館,渋谷区千駄ヶ谷１－６－５,地下１階・１・２・３階,"9:00~20:30、日曜日：9:00~17:30
休館日：月曜日",,飲み口型,,
35.68841566,139.7006962,東京観光情報センターバスタ新宿,渋谷区千駄ヶ谷5-24-55,バスタ新宿３階,6:30～23:00,,ボトルディスペンサー型,,
35.68382,139.70178,代々木駅（都営大江戸線）,渋谷区代々木１－３５－５,ホーム,始発から終電まで,有料,飲み口型,,
35.68757333,139.6993332,新宿駅（都営大江戸線）,渋谷区代々木２－１－１,ホーム,始発から終電まで,有料,飲み口型,,
35.65496,139.70737,リフレッシュ氷川,渋谷区東１－２６－２３,地下1階,"9:00～21:00
休館日：水曜日、年末年始",,飲み口型,,
35.65075213,139.7096698,ひがし健康プラザ,渋谷区東３－１４－１３,地下２階・地下１階・１・２階,9:00~21:00、第１第３火曜日：9:00~18:00,,飲み口型,,
35.6798771,139.677321,幡ヶ谷社会教育館（一時使用休止中）,渋谷区幡ヶ谷２－５０－２,２・４階,"9:00~20:30、日曜日：9:00~17:30
休館日：月曜日",,飲み口型,,
35.68076,139.68161,本町図書館,渋谷区本町１－３３－５,１階児童トイレ前、２階一般トイレ前,"火～土：9:00~19:00
日・月・祝休：9:00~17:00
休館日：第2・4月曜とその前週の火曜、第2木曜（祝休日の場合は開館し直後の平日が休館）",,飲み口型,,
35.6892307,139.6810708,地域交流センター　二軒家,渋谷区本町３ー３５ー４,リラクゼーションルーム,"9:00～21:00(リラクゼーションルームは9:00～17：00)
休館日：月曜日、第2日曜日
※リラクゼーションルームは日曜日使用不可",,飲み口型,,
35.68216315,139.6793328,児童青少年センター,渋谷区本町６－６－２,Ｂ２階・Ｂ１階・１階各廊下・３階,"10:00~20:00（小学生のみの利用は18:00まで）
休館日：月曜日（国民の祝日にあたる場合は直後の平日）、第3日曜日、年末年始（12/29~1/3）",,飲み口型,,
35.7023,139.49774,公民館貫井北分館,小金井市貫井北町１－１１－１２,１階,,,飲み口型,,
35.7143174,139.5199651,小金井市総合体育館,小金井市関野町１－１３－１,地下１階・２階,,,飲み口型,,
35.69397869,139.4995143,前原町西之台会館,小金井市前原町３－８－１,１階廊下,,,飲み口型,,
35.69785644,139.5213015,栗山公園健康運動センター,小金井市中町２－２１－１,１・４階,,,飲み口型,,
35.68744179,139.5227113,野川クリーンセンター,小金井市東町１－７－１９,１階,,,ボトルディスペンサー型,,
35.70021577,139.5062004,小金井 宮地楽器ホール,小金井市本町６－１４－４５,１階自動販売機付近,,,飲み口型,,
35.72788344,139.5141898,小平市東部市民センター,小平市花小金井１－８－１,２階図書館,AM9～PM5（祝休日でない火水はPM8まで）休館日は金曜（祝日の場合も休館）、第三木曜（祝日の場合は開館）、12/28～1/4、特別整理期間,,飲み口型,,
35.73451891,139.5178524,花小金井北地域センター,小平市花小金井３－１０－１,ロビー,AM10～PM5（祝休日でない火水はPM8まで）休館日は金曜（祝日の場合も休館）、第三木曜（祝日の場合は開館）、12/28～1/4、特別整理期間,,飲み口型,,
35.73419,139.51028,小平市立花小金井北公民館,小平市花小金井５－４１－３,２階受付前,"９時から２２時
（第1，3火曜休館）",,飲み口型,,
35.72440289,139.5161217,小平市立花小金井南公民館,小平市花小金井南町２－１２－６,１階ロビー,"休館日：月曜日（祝日を除く）
9:00～17:00",,飲み口型,,
35.72225312,139.5186563,花小金井南地域センター,小平市花小金井南町３－３－１７,ロビー,"休館日：月曜日（祝日を除く）
9:00～22:00",,飲み口型,,
35.72277171,139.4756372,学園西町地域センター,小平市学園西町２－１２－２２,ロビー,"９時から２２時
（第1，3火曜休館）",,飲み口型,,
35.72703911,139.4775489,健康センター,小平市学園東町１－１９－１２,１階ロビー,平日　8：30～17：00,,飲み口型,,
35.72580164,139.4835362,学園東町地域センター,小平市学園東町２－１６－１１,ロビー,"９時から２２時
（第1，3火曜休館）",,飲み口型,,
35.71615847,139.4886161,喜平地域センター,小平市喜平町１－１０－９,ロビー,"９時から２２時
（第1，3火曜休館）",,飲み口型,,
35.71721865,139.4909079,喜平図書館,小平市喜平町３－３－１８,１階エントランス,AM10～PM5（祝休日でない火水はPM7まで）休館日は金曜（祝日の場合も休館）、第三木曜（祝日の場合は開館）、12/28～1/4、特別整理期間,,飲み口型,,
35.71442814,139.5011623,御幸地域センター,小平市御幸町５８,ロビー,"９時から２２時
（第1，3火曜休館）",,飲み口型,,
35.73913,139.46066,小川西町中宿地域センター,小平市小川西町２－３０－１,ロビー,"９時から２２時
（第1，3火曜休館）",,飲み口型,,
35.73521,139.46181,小平市西部市民センター,小平市小川西町４－１０－１３,１階ロビー,AM10～PM5（祝休日でない火水はPM8まで）休館日は金曜（祝日の場合も休館）、第三木曜（祝日の場合は開館）、12/28～1/4、特別整理期間,,飲み口型,,
35.73524104,139.4559715,小川西町地域センター,小平市小川西町５－４－１７,ロビー,"９時から２２時
（第1，3火曜休館）",,飲み口型,,
35.72597837,139.4593971,小平市立小川公民館,小平市小川町１－１０１２,１階受付前,"休館日：月曜日（祝日を除く）
9:00～17:00",,飲み口型,,
35.72928336,139.4480989,小川町一丁目地域センター,小平市小川町１－３０４５,ロビー,"９時から２２時
（第1，3火曜休館）",,飲み口型,,
35.73155976,139.443576,小平市立上宿公民館,小平市小川町１－３０８,１階受付前,"休館日：月曜日（祝日を除く）
9:00～17:00",,飲み口型,,
35.73014775,139.4391892,上宿図書館,小平市小川町１－３４５,１階エントランス,AM10～PM5（祝休日でない火水はPM7まで）休館日は金曜（祝日の場合も休館）、第三木曜（祝日の場合は開館）、12/28～1/4、特別整理期間,,飲み口型,,
35.72772679,139.4673113,小川町二丁目地域センター,小平市小川町２－１１５４,ロビー,"９時から２２時
（第1，3火曜休館）",,飲み口型,,
35.72736127,139.4765064,小平市中央公民館,小平市小川町２－１３２５,１階受付前,"休館日：月曜日（祝日を除く）
9:00～22:00",,飲み口型,,
35.72762558,139.4765844,中央図書館,小平市小川町２－１３２５,１階エントランス・２階,AM10～PM7（ただし土日祝休日はPM5まで）休館日は金曜（祝日の場合も休館）、第三木曜（祝日の場合は開館）、12/28～1/4、特別整理期間,,飲み口型,,
35.73561412,139.4780082,小川東町地域センター,小平市小川東町１８０５,ロビー,"９時から２２時
（第1，3火曜休館）",,飲み口型,,
35.73273,139.46857,小川東第二地域センター,小平市小川東町５－９－１,ロビー,"９時から２２時
（第1，3火曜休館）",,飲み口型,,
35.7252826,139.4390149,上水新町地域センター,小平市上水新町１－１４－１８,ロビー,"９時から２２時
（第1，3火曜休館）",,飲み口型,,
35.71305,139.48369,小平市立上水南公民館,小平市上水南町１－２７－１,１階受付前,"休館日：月曜日（祝日を除く）
9:00～17:00",,飲み口型,,
35.71746157,139.4703686,上水本町地域センター,小平市上水本町３－１１－１１,ロビー,"９時から２２時
（第1，3火曜休館）",,飲み口型,,
35.74149734,139.4944705,大沼地域センター,小平市大沼町２－１７－３３,ロビー,"９時から２２時
（第1，3火曜休館）",,飲み口型,,
35.73553009,139.4972235,小平市立大沼図書館・公民館,小平市大沼町７－１－１７,風除室,AM10～PM5（祝休日でない火水はPM7まで）休館日は金曜（祝日の場合も休館）、第三木曜（祝日の場合は開館）、12/28～1/4、特別整理期間,,飲み口型,,
35.7297638,139.4342954,中島地域センター,小平市中島町２６－９,ロビー,"９時から２２時
（第1，3火曜休館）",,飲み口型,,
35.73092472,139.484885,なかまちテラス,小平市仲町１４５,１階,"９時から２２時
（第1，3火曜休館）",,飲み口型,,
35.72258804,139.4625803,小平市民総合体育館,小平市津田町１－１－１,１・２・３階,,,飲み口型,,
35.72087,139.47003,小平市立津田図書館・公民館,小平市津田町３－１１－１,風除室,午前8時30分から午後10時まで,,飲み口型,,
35.72818379,139.4966912,天神地域センター,小平市天神町４－３－１,ロビー,AM10～PM5（祝休日でない火水はPM7まで）休館日は金曜（祝日の場合も休館）、第三木曜（祝日の場合は開館）、12/28～1/4、特別整理期間,,飲み口型,,
35.73473296,139.4891523,美園地域センター,小平市美園町１－１９－２,ロビー,"９時から２２時
（第1，3火曜休館）",,飲み口型,,
35.72081321,139.5006692,鈴木地域センター,小平市鈴木町１－４００,ロビー,"９時から２２時
（第1，3火曜休館）",,飲み口型,,
35.69392,139.70345,新宿区役所本庁舎,新宿区歌舞伎町１－４－１,４・５・６・７階,開庁日 8:30～17:00 ,,飲み口型,,
35.69920809,139.7180795,若松河田駅（都営大江戸線）,新宿区河田町１０－１０,ホーム,始発から終電まで,有料,飲み口型,,
35.68016735,139.7137771,国立競技場駅（都営大江戸線）,新宿区霞ヶ丘町１０－３,ホーム,始発から終電まで,有料,飲み口型,,
35.69945331,139.7255375,牛込柳町駅（都営大江戸線）,新宿区原町２－３２,ホーム,始発から終電まで,有料,飲み口型,,
35.68814,139.71989,消防防災資料センター,新宿区四谷３－１０,地下１・１・３～６・７・１０階,,,飲み口型,,
35.6923716,139.7226285,曙橋駅（都営新宿線）,新宿区住吉町７－１,ホーム,始発から終電まで,有料,飲み口型,,
35.7138927,139.6862808,中井駅（都営大江戸線）,新宿区上落合２－２０－８,ホーム,始発から終電まで,有料,飲み口型,,
35.69057,139.70596,新宿三丁目駅（都営新宿線）,新宿区新宿３－３－２,ホーム,始発から終電まで,有料,飲み口型,,
35.69395496,139.7055036,新宿区役所第二分庁舎,新宿区新宿５－１８－２１,１・２・３階,開庁日 8:30～17:00,,飲み口型,,
35.6939449,139.7057844,新宿区役所第二分庁舎分館,新宿区新宿５－１８－２１,１・２階,開庁日 8:30～17:00,,飲み口型,,
35.69792604,139.7074067,東新宿駅（都営大江戸線）,新宿区新宿７－２７－３,ホーム,始発から終電まで,有料,飲み口型,,
35.69328637,139.6991367,新宿西口駅（都営大江戸線）,新宿区西新宿１－３－１７,ホーム,始発から終電まで,有料,飲み口型,,
35.68972576,139.6916545,東京都庁第１本庁舎,新宿区西新宿２－８－１,４５階　北側展望室,"9:30～17:00
※毎月第２・４月曜日(祝日の場合は翌平日)は休室日
※南展望室の休室日は21:30まで入室可能",,ボトルディスペンサー型・飲み口型,,
35.68932263,139.6918124,東京都庁第１本庁舎,新宿区西新宿２－８－１,４５階　南側展望室,"9:30～21:30
※毎月第１・３火曜日(祝日の場合は翌平日)は休室日",,ボトルディスペンサー型・飲み口型,,
35.68976047,139.6931723,都議会議事堂,新宿区西新宿２－８－１,1階南側トイレ前・7階南側,"8:00～18:00
※土・日・祝日・年末年始(12/29~1/3)を除く",,飲み口型,,
35.68804573,139.6920761,東京都庁第２本庁舎,新宿区西新宿２－８－１,１・２階,"8:00～18:45
※土・日・祝日・年末年始(12/29~1/3)を除く",,ボトルディスペンサー型・飲み口型,,
35.69056428,139.6926578,都庁前駅（都営大江戸線）,新宿区西新宿２－８－１,ホーム,始発から終電まで,有料,飲み口型,,
35.68987286,139.6845511,西新宿五丁目駅（都営大江戸線）,新宿区西新宿５－２５－９,ホーム,始発から終電まで,有料,飲み口型,,
35.72339542,139.6834746,落合南長崎駅（都営大江戸線）,新宿区西落合３－１－１８,ホーム,始発から終電まで,有料,飲み口型,,
35.70085364,139.7358738,牛込神楽坂駅（都営大江戸線）,新宿区箪笥町１５,ホーム,始発から終電まで,有料,飲み口型,,
35.68752,139.71463,"四谷区民センター
（水道局新宿営業所）",新宿区内藤町８７,３・４階,平日8:30-17:15,,飲み口型,,
35.70535553,139.6412152,阿佐谷地域区民センター,杉並区阿佐谷北１－１－１,1階,"9:00~21:00
定休日：第2火曜日、年末年始（12/28~1/4）",,飲み口型,,
35.71159,139.63338,阿佐谷図書館,杉並区阿佐谷北３－３６－１４,１・２階,"月~土 9:00~20:00 、日・祝日9:00~17:00
定休日：毎月第1・第3木曜日（祝日の場合は、直後の平日）、年末年始（12/31~1/4）、特別整理期間",,飲み口型,,
35.66820049,139.6436636,永福PA上り,杉並区永福１－５,地下１階トイレ前,24時間営業,有料,飲み口型,,
35.67857,139.63792,永福図書館,杉並区永福３－５１－１７,２階,"9:00~21:00
定休日：毎月第1・第3木曜日（祝日の場合は、直後の平日）、年末年始（12/31~1/4）、特別整理期間",,ボトルディスペンサー型・飲み口型,,
35.69835,139.61908,荻窪地域区民センター,杉並区荻窪２－３４－２０,地下２階廊下・２階廊下,大規模改修の実施に伴い、令和8年9月30日（予定）まで休館中,,飲み口型,,
35.70175,139.62665,中央図書館,杉並区荻窪３－４０－２３,１階・２階,"月~土 9:00~20:00 、日・祝日9:00~17:00
定休日：毎月第1・第3木曜日（祝日の場合は、直後の平日）、年末年始（12/31~1/4）、特別整理期間",,飲み口型,,
35.70262178,139.6270193,荻窪体育館,杉並区荻窪３－４７－２,地下１階自動販売機前・１階武道館入口,"9:00~21:00
定休日：毎月第3水曜日、年末年始（12/29~1/3）",,飲み口型,,
35.72102,139.62323,下井草図書館,杉並区下井草３－２６－５,１・２階,月~土 9:00~20:00、日・祝日 9:00~17:00,,飲み口型,,
35.7206743,139.6165213,井草地域区民センター,杉並区下井草５－７－２２,地下１階廊下・１階廊下・２階廊下,"9:00~21:00
定休日：第1・第3木曜日、第3木曜日の前日、年末年始（12/28~1/4）",,飲み口型,,
35.68655152,139.5994498,久我山会館,杉並区久我山３－２３－２０,１階ロビー,"9:00~21:00
定休日：館内整理日　毎月25日",,飲み口型,,
35.69314962,139.5989759,宮前図書館,杉並区宮前５－５－２７,１階,"月~土 9:00~20:00、日・祝日 9:00~17:00
定休日：毎月第1・第3木曜日（祝日の場合は、直後の平日）、年末年始（12月31日から1月4日）、特別整理期間",,飲み口型,,
35.68170014,139.6228265,高井戸図書館,杉並区高井戸東１－２８－１,１・２階,"月~土 9:00~20:00 日・祝日：9:00~17:00
定休日：毎月第1月曜日、第3木曜日（祝日の場合は、直後の平日）、年末年始（12/31~1/4）、特別整理期間",,飲み口型,,
35.68364387,139.6166232,高井戸地域区民センター,杉並区高井戸東３－７－５,１・３階,"9:00~21:00
定休日：第3月曜日、年末年始（12/28~1/4）",,飲み口型,,
35.69973283,139.6541935,高円寺体育館,杉並区高円寺南２－３６－３１,２階廊下身障者用トイレ前,"9:00~21:00
定休日：年末年始（12/29~1/3）",,飲み口型,,
35.70133853,139.651289,高円寺図書館,杉並区高円寺南２－４０－２４,２階,"9:00~21:00
定休日：毎月第1月曜日、第3木曜日（祝日の場合は、直後の平日）、年末年始（12/31~1/4）、特別整理期間",,ボトルディスペンサー型・飲み口型,,
35.71557,139.59978,今川図書館,杉並区今川４－１２－１０,１階,"月~土 9:00~21:00 、日・祝日9:00~17:00
定休日：毎月第1・第3木曜日（祝日の場合は、直後の平日）、年末年始（12/31~1/4）、特別整理期間",,飲み口型,,
35.68563695,139.6421028,松ノ木運動場,杉並区松ノ木１－３－２２,玄関ホール入口,"9:00~21:00
定休日：年末年始（12/28~1/4）",,飲み口型,,
35.72034876,139.6121174,柿木図書館,杉並区上井草１－６－１３,１階,"月~土 9:00~20:00 、日・祝日9:00~17:00
定休日：毎月第1・第3木曜日（祝日の場合は、直後の平日）、年末年始（12/31~1/4）、特別整理期間",,飲み口型,,
35.72386,139.60193,上井草スポーツセンター,杉並区上井草３－３４－１,地下１階・１階廊下,"9:00~21:00
定休日：毎月第3水曜日、年末年始（12/29~1/3）",,飲み口型,,
35.69497,139.63747,成田図書館,杉並区成田東３－２８－５,１階,"月~土 9:00~20:00、日・祝日 9:00~17:00
定休日：毎月第1・第3木曜日（祝日の場合は、直後の平日）、年末年始（12/31~1/4）、特別整理期間",,飲み口型,,
35.71828,139.6178,妙正寺体育館,杉並区清水３－２０－１２,地下１階・１階廊下,"9:00~21:00
定休日：毎月第2木曜日、年末年始（12/28~1/4）",,ボトルディスペンサー型・飲み口型,,
35.70779,139.60608,西荻図書館,杉並区西荻北２－３３－９,,"月~土 9:00~20:00、日・祝日 9:00~17:00
定休日：毎月第1・第3木曜日（祝日の場合は、直後の平日）、年末年始（12/31~1/4）、特別整理期間",,飲み口型,,
35.71016614,139.6207756,ウェルファーム杉並,杉並区天沼３－１９－１６,１階、２階、３階,"8:30~17:00
定休日：土曜日、日曜日、祝日、年末年始（12/29~1/3）",,ボトルディスペンサー型・飲み口型,,
35.71249,139.60223,西荻地域区民センター,杉並区桃井４－３ー２,地下2階,"9:00~21:00
定休日：第2水曜日、年末年始（12/28~1/4）",,飲み口型,,
35.69497988,139.6145864,南荻窪図書館,杉並区南荻窪１－１０－２,１・２階,"月~土 9:00~20:00、日・祝日 9:00~17:00
定休日：毎月第1月曜日、第3木曜日（祝日の場合は、直後の平日）、年末年始（12/31~1/4）、特別整理期間",,飲み口型,,
35.69672584,139.6107633,大宮前体育館,杉並区南荻窪２－１－１,地下２階～１階,"午前9時から午後9時
定休日：毎月第3火曜日・年末年始（12/28~1/4）",,飲み口型,,
35.69718,139.65404,高円寺地域区民センター,杉並区梅里１－２２－３２,地下1階、1階、2階、3階,"9:00~21:00
定休日：第2火曜日、年末年始（12/28~1/4）",,ボトルディスペンサー型・飲み口型,,
35.68038631,139.6300262,浜田山会館,杉並区浜田山１－３６－３,１階,"9:00~21:00
定休日：館内整理日　毎月20日",,飲み口型,,
35.6790333,139.6599907,方南図書館,杉並区方南１－５１－２,,"月~土 9:00~20:00、日・祝日 9:00~17:00
定休日：毎月第1月曜日、第3木曜日（祝日の場合は、直後の平日）、年末年始（12/31~1/4）、特別整理期間",,飲み口型,,
35.71259517,139.6242634,コミュニティふらっと本天沼,杉並区本天沼２－１２－１０,１階,"9:00~21:00
定休日：第1・第3月曜日、年末年始（12/28~1/4）",,飲み口型,,
35.67528333,139.6460454,水道局和泉合同庁舎,杉並区和泉３－８－１０,２階,平日8:30-17:15,,飲み口型,,
35.67574169,139.6459542,永福和泉地域区民センター,杉並区和泉３－８－１８,地下１階,"9:00~21:00
定休日：第2・第4水曜日、年末年始（12/28~1/4）、館内整理日（毎月15日）",,飲み口型,,
35.69734,139.6576235,杉並第十小温水プール,杉並区和田３－５５－４９,地下１階受付,"9:00~21:00
定休日：毎月第1火曜日、年末年始（12/28~1/4）",,飲み口型,,
35.62496836,139.6194823,岡本地区会館,世田谷区岡本１－２５－４,入口ロビー,9:00?22:00,,飲み口型,,
35.64149,139.67621,下馬図書館,世田谷区下馬２－３２－１,１階フロア,9:00~19:00,,飲み口型,,
35.62247,139.61351,鎌田区民センター,世田谷区鎌田３－３５－１,１階入口ロビー・地下１階図書館入口付近,9:00?22:00,,飲み口型,,
35.62084729,139.5960657,砧野球場・サッカー場,世田谷区喜多見１－１２－２,１階ロビー,,,飲み口型,,
35.63184,139.62123,砧公園,世田谷区砧公園１－１,サービスセンター前,8:30~17:30,,ボトルディスペンサー型,,
35.64774,139.64473,宮坂区民センター,世田谷区宮坂１－２４－６,地階,9:00~22:00,,飲み口型,,
35.65156356,139.6379695,経堂図書館,世田谷区宮坂３－１－３０,１階,"火～土曜日:9:00~21:00
日・月曜日、祝・休日:9:00～20:00",,飲み口型,,
35.63689,139.65196,弦巻区民センター,世田谷区弦巻１－２６－１１,地下１階・１・２・３階,"9:00?22:00
休館日：第2・4月曜日、年末年始",,飲み口型,,
35.63754964,139.6443733,中央図書館,世田谷区弦巻３－１６－８,１階図書館内,"火～日曜日:9:00~19:00
月曜日、祝・休日:9:00～17:00",,飲み口型,,
35.63770986,139.6441225,教育会館,世田谷区弦巻３－１６－８,１階ロビー,"火～日曜日:9:00~19:00
月曜日、祝・休日:9:00～17:00",,飲み口型,,
35.64582563,139.6234048,桜丘区民センター別館,世田谷区桜丘２－２２－１,１階,"9:00?22:00 
休館日：第2・4月曜日、年末年始",,飲み口型,,
35.64478,139.62202,桜丘区民センター,世田谷区桜丘５－１４－１,地下１階・１階,"9:00?22:00 
休館日：第2・4月曜日、年末年始",,飲み口型,,
35.65362279,139.611639,千歳台地区会館,世田谷区千歳台３－３１－９,１階入口ロビー,9:00~22:00,,飲み口型,,
35.65926948,139.6207375,希望丘地域体育館,世田谷区船橋６－２５－１,１階廊下・３階自動販売機横,"9:00~21:00
休館日：毎月第3火曜日、10月第3日曜日、年末年始（12/29~1/3）
※その他、保守点検などにより臨時に休館することがあります。",,ボトルディスペンサー型・飲み口型,,
35.65918831,139.6162501,千歳温水プール,世田谷区船橋７－９－１,２階,"9:00~21:00
年始（1月1日～3日）：9:00~17:00
休館日：毎月第1月曜日（国民の祝日の場合は、その直後の平日）※8月・1月・2月は除く、年末（12/29~12/31）
※その他、保守点検などにより臨時に休館することがあります。",有料,飲み口型,,
35.64225557,139.6041595,砧図書館,世田谷区祖師谷３－１０－４,１・２階,"火～日曜日:9:00~19:00
月曜日、祝・休日:9:00～17:00",,飲み口型,,
35.64311949,139.6730876,水道局世田谷営業所,世田谷区太子堂１－１３－１３,２階,平日8:30~17:15,,飲み口型,,
35.63145151,139.6125303,総合運動場温水プール,世田谷区大蔵4－6－1,地下２階男女更衣室・１階男女更衣室前,"9:00~21:00
年始（1/1~1/3）9:00~17:00
休館日:毎月第3月曜日（国民の祝日の場合は、その直後の平日）
※7月は第2月曜日、8月は除く年末（12/29~31）
※その他、保守点検などにより臨時に休館することがあります。",一部有料,飲み口型,,
35.63044619,139.6122342,総合運動場体育館,世田谷区大蔵4－6－1,地下１階ロビー,"9:00~21:00
休館日：年末年始（12/29～1/3）
※その他、保守点検などにより臨時に休館することがあります。",,ボトルディスペンサー型・飲み口型,,
35.62975,139.6111,総合運動場陸上競技場,世田谷区大蔵4－6－1,１階エントランス,"9:00~21:00
休館日：年末年始（12/29～1/3）
※その他、保守点検などにより臨時に休館することがあります。",,ボトルディスペンサー型・飲み口型,,
35.63108,139.6142,大蔵第二運動場,世田谷区大蔵４－７－１,トレーニングルーム・ゴルフ練習場,"トレーニングルーム：9:00~22:00
ゴルフ練習場：
【早朝ゴルフ】平日 5:00~8:00、土日祝日 4:30~8:00
※冬季（12月～2月）は利用時間が1時間遅くなります。
【通常ゴルフ】平日 9:00~22:00、土日祝日 8:30~22:00
休館日:年2回（2月、6月）施設保守点検にて休館。
※その他、保守点検などにより臨時に休館することがあります。",一部有料,飲み口型,,
35.66692788,139.6089057,世田谷文学館,世田谷区南烏山１－１０－１０,１階,"火～日曜日:9:00~19:00
月曜日、祝・休日:9:00～17:00",,飲み口型,,
35.66868,139.60066,烏山図書館,世田谷区南烏山６－２－１９,４階図書館入口,"火～土曜日：9:00~21:00
日・月曜日、祝・休日：9:00~20:00",,飲み口型,,
35.60515,139.65414,尾山台地域体育館,世田谷区尾山台３－１９－３,１階ロビー（アリーナ入口）,"9:00～21:00
休館日：毎月第4水曜日 16:00～21:00、年末年始（12/29~1/3）
※その他、保守点検などにより臨時に休館することがあります。",,飲み口型,,
35.7975951,139.5334636,清瀬市立市民体育館,清瀬市下宿２－５２４－１,１階　入口付近,,,飲み口型,,
35.77981211,139.5206907,清瀬市郷土博物館,清瀬市上清戸２－６－４１,１階,,,飲み口型,,
35.77638968,139.530882,清瀬市立児童センター,清瀬市中清戸３－２３５－５,１階,,,飲み口型,,
35.78525195,139.5266011,清瀬市役所,清瀬市中里５－８４２,１階,,,ボトルディスペンサー型・飲み口型,,
35.77913,139.49931,野塩地域市民センター,清瀬市野塩１－３２２－２,１階　入口付近,9:00～22:00（休館日：月曜日、年末年始）,,飲み口型,,
35.7935956,139.0466115,奥多摩水と緑のふれあい館,西多摩郡奥多摩町原５,１階階段下,"9:30～17:00
（休館日）
水曜日（水曜日が祝日の場合は翌日）
年末年始（12月28日から1月4日まで）
※冬期は臨時休館する場合がございます。",,ボトルディスペンサー型,,
35.79099222,139.3552096,元狭山コミュニティセンター,西多摩郡瑞穂町大字二本木６７３ー１,１階ロビー,9:00~22:00,,飲み口型,,
35.780891,139.33717,長岡コミュニティセンター,西多摩郡瑞穂町大字箱根ケ崎１１８０,１階ロビー,9:00~22:00,,飲み口型,,
35.76157021,139.3399164,武蔵野コミュニティセンター,西多摩郡瑞穂町むさし野１ー５（瑞穂アパート２７号棟１階）,１階ロビー,9:00~21:30,,飲み口型,,
35.77368122,139.3567219,瑞穂町保健センター,西多摩郡瑞穂町石畑１９７０,１階ロビー,8:30~17:00,,飲み口型,,
35.77355093,139.3563247,瑞穂町子ども家庭支援センター,西多摩郡瑞穂町石畑１９７２,１階,9:00~17:00,,飲み口型,,
35.77292146,139.3571604,中央体育館,西多摩郡瑞穂町大字石畑１９８９－１,館内,9:00~21:30,,飲み口型,,
35.72939648,139.5357837,西東京市障害者総合支援センター（フレンドリー）,西東京市田無町４－１７－１４,２階給湯室,,,飲み口型,,
35.73181356,139.5363588,田無総合福祉センター,西東京市田無町５－５－１２,１階～３階,,,ボトルディスペンサー型・飲み口型,,
35.72598413,139.5382463,田無庁舎,西東京市南町５－６－１３,１・３階,,,飲み口型,,
35.73621138,139.7708027,西日暮里ふれあい館,荒川区西日暮里6-24-4,2階、3階,9:00~22:00,,飲み口型,,
35.75034973,139.7632975,尾久ふれあい館,荒川区西尾久2-25-13,1階、2階、3階、4階、5階,9:00~22:00,,飲み口型,,
35.75164564,139.7537426,西尾久ふれあい館,荒川区西尾久8-33-31,2階、3階,9:00~22:00,,飲み口型,,
35.68533698,139.7631477,大手町駅（都営三田線）,千代田区丸の内１－３－１先,ホーム,始発から終電まで,有料,飲み口型,,
35.67685,139.76387,東京国際フォーラム,千代田区丸の内３－５－１,地上広場,7：00～23：30,,ボトルディスペンサー型,,
35.69395,139.75354,千代田区役所本庁舎,千代田区九段南１－２－１,２～８階,8:30~17:00,,ボトルディスペンサー型・飲み口型,,
35.69106163,139.735665,市ヶ谷駅（都営新宿線）,千代田区九段南４－８－２２,ホーム,始発から終電まで,有料,飲み口型,,
35.69558341,139.775191,岩本町駅（都営新宿線）,千代田区神田岩本町１,ホーム,始発から終電まで,有料,飲み口型,,
35.69519343,139.766899,小川町駅（都営新宿線）,千代田区神田小川町１－６,ホーム,始発から終電まで,有料,飲み口型,,
35.6959432,139.7578047,神保町駅（都営三田線）,千代田区神田神保町２－１,ホーム,始発から終電まで,有料,飲み口型,,
35.69513536,139.7582531,神保町駅（都営新宿線）,千代田区神田神保町２－７,ホーム,始発から終電まで,有料,飲み口型,,
35.66933573,139.75532,内幸町駅（都営三田線）,千代田区内幸町２－２－３先,ホーム,始発から終電まで,有料,飲み口型,,
35.68908871,139.7681939,千代田合同庁舎（水道局千代田営業所）,千代田区内神田２－１－１２,２階,平日8:30-17:15,,ボトルディスペンサー型,,
35.67485495,139.7597597,日比谷駅（都営三田線）,千代田区有楽町１－１３－１先,ホーム,始発から終電まで,有料,飲み口型,,
35.79129128,139.7810541,伊興地域学習センター,足立区伊興２－４－２２,１・２・３階,"9:00~21:30
(毎月第三月曜日の休館日（変更の可能性有）および年末年始を除く)",,ボトルディスペンサー型,,
35.80273,139.80721,花畑地域学習センター,足立区花畑４－１６－８,１・２階,"9:00~21:30
(毎月第三月曜日の休館日（変更の可能性有）および年末年始を除く)",,ボトルディスペンサー型,,
35.76864,139.78322,興本体育館,足立区興野１－１７－７,１階廊下・２階トレーニングルーム内,"9:00~21:30
(毎月第三月曜日の休館日（変更の可能性有）および年末年始を除く)",,ボトルディスペンサー型,,
35.76837078,139.7824699,興本地域学習センター,足立区興野１－１８－３８,１階ロビー,"9:00~21:30
(毎月第三月曜日の休館日（変更の可能性有）および年末年始を除く)",,ボトルディスペンサー型,,
35.7799,139.79071,ギャラクシティ,足立区栗原１－３－１,１階事務室側トイレ入口,9：00 ～ 21：30,,ボトルディスペンサー型,,
35.7759474,139.7602144,江北地域学習センター,足立区江北３－３９－４,１階ロビー・２階廊下,"9:00~21:30
(毎月第三月曜日の休館日（変更の可能性有）および年末年始を除く)",,ボトルディスペンサー型,,
35.7768849,139.7653588,すこやかプラザ　あだち,足立区江北5-14-5,1階,"7:30~22:30
臨時休館日、年末年始を除く",,ボトルディスペンサー型,,
35.78812,139.84047,佐野地域学習センター,足立区佐野２－４３－５,２階,"9:00~21:30
(毎月第二月曜日の休館日（変更の可能性有）および年末年始を除く)",,ボトルディスペンサー型,,
35.78317185,139.7457874,都市農業公園,足立区鹿浜２－４４－１,都市農業交流館１階,"10~5月 9:00~17:00、6~9月 9:00~18:00
※第一・三水曜日は休園(祝日、10/1の場合は翌日)",,ボトルディスペンサー型,,
35.78408312,139.7577208,鹿浜地域学習センター,足立区鹿浜６－８－１,１・２階,"9:00~21:30
(毎月第二月曜日の休館日（変更の可能性有）および年末年始を除く)",,ボトルディスペンサー型,,
35.8060084,139.7730983,舎人地域学習センター,足立区舎人１－３－２６,２階,"9:00~21:30
(毎月第三月曜日の休館日（変更の可能性有）および年末年始を除く)",,ボトルディスペンサー型,,
35.77160707,139.7381924,新田地域学習センター,足立区新田２－２－２,２階,"9:00~21:30
(毎月第二月曜日の休館日（変更の可能性有）および年末年始を除く)",,ボトルディスペンサー型,,
35.77869663,139.7808226,西新井センター,足立区西新井１－４－１７,"２階　悠々館エリア（廊下）
３階　児童館エリア（廊下）","9:00~18:00
（日曜日、祝日、年末年始は除く）",,ボトルディスペンサー型,,
35.8036,139.79733,スイムスポーツセンター,足立区西保木間４－１０－１,１階*2台、２階,"9:00~21:00
(毎月第三月曜日の休館日（変更の可能性有）および年末年始を除く)",,ボトルディスペンサー型,,
35.80355,139.79671,悠々会館,足立区西保木間四丁目９番１号,１階　ロビー、２階　ホール,"9:00~17:00
（月曜日、第３日曜日、祝日、年末年始、月曜が祝日の場合には、翌日の火曜日は除く）",,ボトルディスペンサー型,,
35.75162254,139.8021124,千住温水プール,足立区千住３－３０,地下1階,"9:00~20:30
(毎月第三月曜日の休館日（変更の可能性有）および年末年始を除く)",,ボトルディスペンサー型,,
35.75647,139.80241,足立区生涯学習センター,足立区千住5-13-5,1階ロビー,"9:00~21:30
(毎月第二月曜日の休館日（変更の可能性有）および年末年始を除く)",,ボトルディスペンサー型,,
35.756448,139.802337,中央図書館,足立区千住５－１３－５（学びピア２１内）,３階,"9:00~20：00
(休館日および年末年始を除く)",,ボトルディスペンサー型,,
35.77717801,139.8445472,大谷田住区センター,足立区大谷田1-1-2-101,2階集会室前,"9:00~18:00
日曜日、祝日、館内整理日、年末年始を除く",,ボトルディスペンサー型,,
35.79273035,139.7947184,竹の塚地域学習センター,足立区竹の塚２－２５－１７,１階,"9:00~21:30
(毎月第二月曜日の休館日（変更の可能性有）および年末年始を除く)",,ボトルディスペンサー型,,
35.77504249,139.8044797,足立区役所本庁舎,足立区中央本町１－１７－１,中央館１階,"平日 8:00~22:00、土日祝 8:30~22:00
(全館閉館日・年末年始を除く)",,ボトルディスペンサー型,,
35.77227929,139.8096314,中央本町地域学習センター,足立区中央本町３－１５－１,１階,"9:00~21:30
(毎月第二月曜日の休館日（変更の可能性有）および年末年始を除く)",,ボトルディスペンサー型,,
35.77223899,139.8097677,中央本町住区センター,足立区中央本町3-15-1,児童館工作室前,"9:00~18:00
日曜日、祝日、館内整理日、年末年始を除く",,ボトルディスペンサー型,,
35.77208828,139.8078252,水道局足立営業所,足立区中央本町３－８－２,１階,平日8:30-17:15,,飲み口型,,
35.78278773,139.7967331,島根住区センター,足立区島根4-19-1-101,2階廊下,"9:00~18:00
日曜日、祝日、館内整理日、年末年始を除く",,ボトルディスペンサー型,,
35.77043741,139.8314833,東綾瀬公園温水プール,足立区東綾瀬３－４－１,１階,"9:00~20:30
(毎月第二月曜日の休館日（変更の可能性有）および年末年始を除く)",,ボトルディスペンサー型,,
35.79188,139.81367,総合スポーツセンター,足立区東保木間２－２７－１,１階、２階、３階,"9:00~21:00
(毎月第二月曜日の休館日（変更の可能性有）および年末年始を除く)",,ボトルディスペンサー型,,
35.77121976,139.8395875,東和地域学習センター,足立区東和3-12-9,1階受付前（廊下）、2階トレーニングルーム横（廊下）・体育館前,"9:00~21:30
(毎月第三月曜日の休館日（変更の可能性有）および年末年始を除く)",,ボトルディスペンサー型,,
35.77062,139.79814,梅田地域学習センター,足立区梅田７－３３－１,１・４階,"9:00~21:30
(毎月第三月曜日の休館日（変更の可能性有）および年末年始を除く)",,ボトルディスペンサー型,,
35.78687544,139.8163557,保塚地域学習センター,足立区保塚町７－１６,１・２階,"9:00~21:30
(毎月第二月曜日の休館日（変更の可能性有）および年末年始を除く)",,ボトルディスペンサー型,,
35.79312,139.80699,生物園,足立区保木間２－１７－１,１階,"2~10月 9：30~17：00、11~1月 9：30~16：30
(毎週月曜は休園(祝日、10/1の場合は翌日)。但し、区内小学校の春・夏・冬休み期間中は開園)",有料,ボトルディスペンサー型,,
35.63715821,139.4475045,多摩市役所,多摩市関戸6-12-1,１階,8：30～17：15,,ボトルディスペンサー型・飲み口型,,
35.62517783,139.4166528,山王下庁舎内（水道局多摩サービスステーション）,多摩市山王下１－１７,１階,平日8:30-17:15,,飲み口型,,
35.64366,139.43626,多摩市立総合体育館,多摩市東寺方５８８－１,１階第２スポーツホール・２階トレーニングルーム,9：00～21：15,,飲み口型,,
35.64329842,139.4376819,東寺方老人福祉館・地区市民ホール,多摩市東寺方６６２６－７,３階ロビー,9：30～21：30,,飲み口型,,
35.61226,139.41402,多摩市立温水プール（アクアブルー多摩）,多摩市南野３－１５－２,２階エントランス,"（平日）9：00～22：00
（土日祝）9：00～20：00",,飲み口型,,
35.70981234,139.7971426,浅草駅（都営浅草線）,台東区駒形１－１２－１４,ホーム,始発から終電まで,有料,飲み口型,,
35.70697871,139.7820001,新御徒町駅（都営大江戸線）,台東区元浅草１－５－２,ホーム,始発から終電まで,有料,飲み口型,,
35.70547517,139.7925796,蔵前駅（都営大江戸線）,台東区寿３－３－１,ホーム,始発から終電まで,有料,飲み口型,,
35.70794787,139.7733846,上野御徒町駅（都営大江戸線）,台東区上野５－２６－６,ホーム,始発から終電まで,有料,飲み口型,,
35.7160017,139.7728481,恩賜上野動物園,台東区上野公園９ー８３,さるやまキッチン,"9:30~17:00（入園および入園券・年間パスポートの販売は16時まで）
休園日:月曜日（月曜日が国民の祝日や振替休日、都民の日の場合はその翌日が休園日）、年末年始（12月29日～翌年1月1日）9:30~17:00（入園および入園券・年間パスポートの販売は16時まで）
休園日:月曜日（月曜日が国民の祝日や振替休日、都民の日の場合はその翌日が休園日）、年末年始（12月29日～翌年1月1日）",有料,ボトルディスペンサー型,,
35.69749011,139.7859366,浅草橋駅（都営浅草線）,台東区浅草橋１－１８－１１,ホーム,始発から終電まで,有料,飲み口型,,
35.70310785,139.790778,蔵前駅（都営浅草線）,台東区蔵前２－３－１,ホーム,始発から終電まで,有料,飲み口型,,
35.7126,139.77994,台東区役所,台東区東上野4-5-6,２・４・５・７・９・１０階,平日8:30-17:15,,飲み口型,,
35.71063827,139.7965372,浅草文化観光センター,台東区雷門２－１８－９,並木通り側出入口付近,"9:00~20:00
休館日:年中無休(ただし、メンテナンス等のため休館することがあります。)",,ボトルディスペンサー型,,
35.763,139.59079,大泉リサイクルセンター,練馬区大泉学園町１－３４－１０,１階コミュニティコーナー,"9:00~17:00
休館日：毎週水曜日※祝・休日は開館し、その直後の祝・休日でない日に休館",,飲み口型,,
35.56137861,139.7161333,大田区役所本庁舎,大田区蒲田５－１３－１４,１階ロビー,8:30~17:00（土、日、祝日、年末年始除く）,,ボトルディスペンサー型・飲み口型,,
35.58054131,139.6940505,久が原特別出張所,大田区久が原４－１２－１０,１階,,,飲み口型,,
35.58683957,139.7059307,西馬込駅（都営浅草線）,大田区西馬込２－１－６,ホーム,始発から終電まで,有料,飲み口型,,
35.55920259,139.7363924,糀谷文化センター,大田区西糀谷２－１４－５,１階,8:30～22:00,,飲み口型,,
35.56681262,139.7458861,大森東特別出張所,大田区大森南４－９－１,１階ロビー,月～金（祝日、年末年始を除く）,,飲み口型,,
35.58116163,139.7373989,大森スポーツセンター,大田区大森本町２－２－５,地下２・１階,9:00~22:00,,飲み口型,,
35.57962775,139.7197154,新井宿特別出張所,大田区中央１－２１－６,１階,平日 8:30~17:00,,飲み口型,,
35.58791499,139.6772552,嶺町文化センター,大田区田園調布本町７－１,１階,8:30～22:00,,飲み口型,,
35.58113505,139.7602902,大田市場,大田区東海３－２－１,事務棟２階展示室,平日 8:30~15:30（土・日・祝を除く平）,,飲み口型,,
35.56444,139.72792,大田区総合体育館,大田区東蒲田１ー１１ー１,地下１階,9:00～21:00,,飲み口型,,
35.57488,139.6853,鵜の木特別出張所,大田区南久が原２－３０－５,地下１階,平日 8:30~17:00,,飲み口型,,
35.59637481,139.7118119,馬込駅（都営浅草線）,大田区北馬込２－３１－９,ホーム,始発から終電まで,有料,飲み口型,,
35.66625024,139.768349,築地社会教育会館,中央区築地4丁目15番1号,２階廊下,9:00～21:00（臨時休館日除く）,,飲み口型,,
35.67555496,139.7720462,宝町駅（都営浅草線）,中央区京橋２－１３－１１先,ホーム,始発から終電まで,有料,飲み口型,,
35.66966012,139.7671157,東銀座駅（都営浅草線）,中央区銀座４－１０－１０先,ホーム,始発から終電まで,有料,飲み口型,,
35.66380138,139.7840074,月島駅（都営大江戸線）,中央区月島１－５－４先,ホーム,始発から終電まで,有料,飲み口型,,
35.66196333,139.7821203,月島社会教育会館,中央区月島4丁目1番1号　月島区民センター　4・5階,４階給湯室,9:00～21:00（臨時休館日除く）,,飲み口型,,
35.65906238,139.777243,勝どき駅（都営大江戸線）,中央区勝どき２－１０－１５先,ホーム,始発から終電まで,有料,飲み口型,,
35.65867549,139.7861968,月島社会教育会館晴海分館「アートはるみ」,中央区晴海1丁目4番1号　月島第三小学校等複合施設地下１階,B1階ロビー,9:00～21:00（臨時休館日除く）,,ボトルディスペンサー型・飲み口型,,
35.65200825,139.7748867,晴海地域交流センター「はるみらい」,中央区晴海5-2-3,1階・4階,9:00～21:00（臨時休館日除く）,,飲み口型,,
35.66484875,139.7669389,築地市場駅（都営大江戸線）,中央区築地５－１－２,ホーム,始発から終電まで,有料,飲み口型,,
35.69210647,139.7848662,東日本橋駅（都営浅草線）,中央区東日本橋３－１１－８先,ホーム,始発から終電まで,有料,飲み口型,,
35.68203283,139.7749355,日本橋駅（都営浅草線）,中央区日本橋１－１３－１先,ホーム,始発から終電まで,有料,飲み口型,,
35.69183228,139.7830659,馬喰横山駅（都営新宿線）,中央区日本橋横山町４－１３,ホーム,始発から終電まで,有料,飲み口型,,
35.68488048,139.7815279,日本橋社会教育会館,中央区日本橋人形町1丁目1番17号　日本橋小学校等複合施設　地下2階,８階ホールロビー,9:00～21:00（臨時休館日除く）,,飲み口型,,
35.6863724,139.7821908,人形町駅（都営浅草線）,中央区日本橋人形町３－７－１３,ホーム,始発から終電まで,有料,飲み口型,,
35.68839119,139.7878122,浜町駅（都営新宿線）,中央区日本橋浜町２－５９－３,ホーム,始発から終電まで,有料,飲み口型,,
35.73260805,139.6704344,新江古田駅（都営大江戸線）,中野区江原町２－２９－１３,ホーム,始発から終電まで,有料,飲み口型,,
35.72878596,139.6699965,江古田区民活動センター,中野区江原町２－３－１５,１・２階ロビー,8:30~22:00(年末年始を除く),,飲み口型,,
35.72552512,139.6736434,みずの塔ふれあいの家,中野区江古田１－９－２４,１階交流コーナー,月・火・木・土 10:00~18:00,,飲み口型,,
35.7249949,139.6690725,江古田図書館,中野区江古田2-1-11,1階入口横,"9:00~20:00
【休館日】定期休館日：毎月第2月曜日（その日が休日の場合は直後の休日でない日）、館内整理日：毎月最終金曜日（その日が休日の場合はその前日）、年末年始（12/29~1/3）",,飲み口型,,
35.72343,139.63985,鷺宮区民活動センター,中野区鷺宮３ー２２－５,１階,8:30~22:00(年末年始を除く),,飲み口型,,
35.71148979,139.6725515,上高田区民活動センター,中野区上高田２－１１－１,地下1階・1階・2階,8:30~22:00(年末年始を除く),,飲み口型,,
35.71888566,139.6752232,上高田図書館,中野区上高田5-30-15,２階エレベーター前,"9:00~20:00
【休館日】定期休館日：毎月第2月曜日（その日が休日の場合は直後の休日でない日）、館内整理日：毎月最終金曜日（その日が休日の場合はその前日）、年末年始（12/29~1/3）",,飲み口型,,
35.71665466,139.6784096,上高田運動施設,中野区上高田5-6-1,野球場（施設利用者のみ）,9:00~21:00,,飲み口型,,
35.73189047,139.6320894,上鷺宮区民活動センター,中野区上鷺宮3ー７－６,１階ロビー,8:30~22:00(年末年始を除く),,飲み口型,,
35.71422511,139.6634602,新井区民活動センター,中野区新井３ー１１－４,１・２階ロビー,8:30~22:00(年末年始を除く),,飲み口型,,
35.7158968,139.6629875,中野区立総合体育館,中野区新井３－３７－７８,１階エントランスロビー、１階メインアリーナ前、２階ラウンジ奥、３階トレーニングルーム内,6:45~22:30,,ボトルディスペンサー型・飲み口型,,
35.71427127,139.6442337,中央図書館美鳩小学校分室,中野区大和町4-26-5,１階エントランス,"10:00~19:00
【休館日】毎週火・木・日曜日・祝日
※夏期休業等は毎日開館（中央図書館の休館日を除く）",,飲み口型,,
35.69831203,139.6833769,中野東図書館,中野区中央1-41-2,7階・8階・9階　階段横,"9:00~21:00
【休館日】定期休館日：毎月第2木曜日（その日が休日の場合は直後の休日でない日）、館内整理日：毎月最終金曜日（その日が休日の場合はその前日）、年末年始（12/29~1/3）",,飲み口型,,
35.70032974,139.6826644,東部区民活動センター,中野区中央２－１８－２１,２階ロビー,8:30~22:00(年末年始を除く),,飲み口型,,
35.69706499,139.6822675,中野坂上駅（都営大江戸線）,中野区中央２－２－２８,ホーム,始発から終電まで,有料,飲み口型,,
35.7023317,139.6673149,桃園区民活動センター,中野区中央４－５７－１,地下1階・1階ロビー,8:30~22:00(年末年始を除く),,飲み口型,,
35.70409,139.677,城山ふれあいの家,中野区中野１－２０－４,１階事務室前,"月・火・木・土 10:00~18:00、水・金 10:00~19:00
祝日、年末年始は休み",,飲み口型,,
35.70169968,139.6776984,水道局中野営業所,中野区中野１－５－７,１階,平日8:30-17:15,,飲み口型,,
35.70432364,139.6680392,中野区産業振興センター,中野区中野２－１３－１４,１階エントランスロビー,9:00~21:30（毎月の第3月曜日・年末年始を除く）,,飲み口型,,
35.70433956,139.6719106,もみじ山文化センター(本館),中野区中野2-9-7,"・B2階身障者用トイレ前、B1階図書館トイレ前、B1階図書館児童コーナー
・2階ホワイエ2、3階楽屋男子シャワー室前（※イベント来場者・主催者のみ）
・3階ホワイエ3（※ホール利用者のみ）","9:00~22:00
定休日：2,6,11月の第4月曜※休日にあたる場合はその翌日、年末年始",,飲み口型,,
35.70479143,139.6711776,もみじ山文化センター(西館),中野区中野2-9-7,B1階～4階の給湯室,"9:00~22:00
定休日：2,6,11月の第4月曜※休日にあたる場合はその翌日、年末年始",,飲み口型,,
35.70445959,139.6716916,中央図書館,中野区中野2-9-7,地下１階トイレ前・地下２階トイレ前※いずれもZEROホール敷地内,"9:00~21:00
【休館日】定期休館日：毎月第2月曜日※2月・6月・11月は第4月曜日（その日が休日の場合は直後の休日でない日）、館内整理日：毎月最終金曜日（その日が休日の場合はその前日）、年末年始(12/29~1/3)",,飲み口型,,
35.70920734,139.6630901,中野区役所,中野区中野4-11-19,１階,8:30~21:30,,ボトルディスペンサー型・飲み口型,,
35.70929644,139.665323,中野区社会福祉会館,中野区中野５－６８－７,３、４階,"9:00~22:00
定休日：日曜日、祝日、第３月曜日、年末年始",,ボトルディスペンサー型,,
35.70728429,139.6832271,東中野駅（都営大江戸線）,中野区東中野３－８－１６,ホーム,始発から終電まで,有料,飲み口型,,
35.68538737,139.6657598,南台図書館,中野区南台3-26-18,1階入口横,"9:00~20:00
【休館日】定期休館日：毎月第2木曜日（その日が休日の場合は直後の休日でない日）、館内整理日：毎月最終金曜日（その日が休日の場合はその前日）、年末年始（12/29~1/3）",,飲み口型,,
35.72255235,139.6364196,鷺宮スポーツ・コミュニティプラザ,中野区白鷺３－１－１３,１階体育館,土曜・平日 9:00~22:45、日曜・祝日 9:00~21:45,,ボトルディスペンサー型,,
35.69561169,139.6771235,中央図書館中野第一小学校分室,中野区本町3-16-1,１階書架横,"10:00~19:00
【休館日】毎週火・木・日曜日・祝日
※夏期休業等は毎日開館（中央図書館の休館日を除く）",,飲み口型,,
35.69361964,139.6681401,鍋横区民活動センター,中野区本町５－４７－１３,１階ロビー,8:30~22:00(年末年始を除く),,飲み口型,,
35.71758007,139.6542806,野方図書館,中野区野方3-19-5,１階ロビー,"9:00~20:00
【休館日】定期休館日：毎月第2月曜日（その日が休日の場合は直後の休日でない日）、館内整理日：毎月最終金曜日（その日が休日の場合はその前日）、年末年始（12/29~1/3）",,飲み口型,,
35.71844154,139.653142,野方区民ホール,中野区野方5-3-1,B2階ホワイエ,"9:00~22:00
定休日：毎月第2月曜※休日にあたる場合はその翌日、年末年始",,飲み口型,,
35.71842847,139.6533331,野方区民活動センター,中野区野方５－３ー１,１・２・３階,8:30~22:00(年末年始を除く),,飲み口型,,
35.68774957,139.6702884,中央図書館みなみの小学校分室,中野区弥生町4-27-11,１階授乳室・トイレ前,"10:00~19:00
【休館日】毎週火・木・日曜日・祝日
※夏期休業等は毎日開館（中央図書館の休館日を除く）",,飲み口型,,
35.68814468,139.6686868,南部スポーツ・コミュニティプラザ,中野区弥生町５－１１－２６,１階ロビー,9:30~23:00,,ボトルディスペンサー型,,
35.74410048,139.7857216,町屋ふれあい館,荒川区町屋1-35-8,1階、2階、3階,9:00~22:00,,飲み口型,,
35.75035747,139.7834876,荒木田ふれあい館,荒川区町屋6-13-2,1階、2階、3階,9:00~22:00,,飲み口型,,
35.52716809,139.4847009,つくし野コミュニティセンター,町田市つくし野２－２６－５,２階,午前9時～午後10時（休館日を除く）,,飲み口型,,
35.55689018,139.4471593,サン町田旭体育館,町田市旭町３－２０－６０,１・２階ロビー,"午前9時～午後9時
休館日(第1･第3月曜、年末年始)、土日大会時利用不可",有料,ボトルディスペンサー型・飲み口型,,
35.5871016,139.4117634,町田市バイオエネルギーセンター,町田市下小山田町3160番地,2階,午前8時30分～午後10時,,ボトルディスペンサー型,,
35.5765543,139.4571386,鶴川エリア中学校給食センター,町田市金井２－２８－２,１階,午前9時～午後7時（年末年始を除く）,,ボトルディスペンサー型,,
35.52383551,139.4667753,南市民センター（2025年12月1日～使用不可）,町田市金森４－５－６,１階,午前8時30分～午後10時,,飲み口型,,
35.54045557,139.4503436,町田市立中央図書館,町田市原町田３－２－９,４・６階,"火･水･金：午前10時～午後8時
木･土･日･祝休日：午前10時～午後5時
休館日：月・第二木",,飲み口型,,
35.5425246,139.4515902,町田市民文学館,町田市原町田4-16-17,1階,"午前10時～午後5時
休館日：月・第二木",,飲み口型,,
35.54408557,139.4550693,町田市立国際版画美術館,町田市原町田4-28-1,1階,"平日　午前10時～午後5時（入館は4時30分まで）
土・日・祝日　午前10時～午後5時30分（入館は5時まで）
休館日　毎週月曜日（祝日および振替休日にあたった場合はその翌日）12月28日～1月4日",,飲み口型,,
35.54182,139.44991,町田市民フォーラム,町田市原町田４－９－８サウスフロントタワー町田,３・４階,午前9時～午後10時（休館日を除く）,,飲み口型,,
35.54608619,139.4499944,町田市健康福祉会館,町田市原町田５－８ー２１,１階ロビー,午前8時30分から午後5時,,飲み口型,,
35.57715,139.49309,三輪コミュニティセンター,町田市三輪緑山４－１４－４,１階,午前9時～午後10時（休館日を除く）,,飲み口型,,
35.56861982,139.4368366,木曽山崎コミュニティセンター,町田市山崎町２１６０－４,Ａ館１・３階ロビー,"(2025年2月25日～2026年６月30日※改修工事期間）
・午前８時30分～午後５時
(通常開館時）
・午前8時30分～午後10時",,飲み口型,,
35.59696592,139.3689661,小山市民センター（2026年7月～9月休館予定）,町田市小山町２５０７番地１,１階,"8：30～22：00
2026年1月4日～2027年3月25日8：30～19：00（予定、休館期間除く）",,飲み口型,,
35.54658,139.4389,町田市庁舎,町田市森野２－２－２２,１階,午前8時30分から午後5時,,飲み口型,,
35.54654072,139.4395652,町田市民ホール,町田市森野２－２－３６,１階、２階,午前9時から午後10時,,飲み口型,,
35.58631396,139.4138639,町田市立室内プール,町田市図師町１９９－１,室内プール１階プールサイド・２階ロビー,午前9時～午後9時,一部有料,飲み口型,,
35.586225,139.4137252,町田市立室内プール　町田桜の湯,町田市図師町１９９－１,温浴棟　２階脱衣所（男女）,午前10時から午後9時,有料,飲み口型,,
35.54360114,139.4727281,成瀬コミュニティセンター,町田市西成瀬２－４９－１,１階,"9:00～22:00
（休館日を除く）",,飲み口型,,
35.60933903,139.3196799,相原中央公園管理棟,町田市相原町２０１８,管理事務所１階,"午前8時30分～午後9時
休館日(年末年始)不可",一部有料,飲み口型,,
35.58881188,139.4675834,鶴川市民センター,町田市大蔵町１９８１－４,１階ロビー・２階ホワイエ,午前8時30分～午後10時,,飲み口型,,
35.55140344,139.4441327,町田市立さるびあ図書館,町田市中町2-13-23,１階,"火･水･金：午前10時～午後6時
木･土･日･祝休日：午前10時～午後5時
休館日：月・第二木",,飲み口型,,
35.57858275,139.4157901,忠生市民センター,町田市忠生３－１４－２,１階エントランスロビー・２階ホワイエ,午前8時30分～午後10時,,飲み口型,,
35.5368623,139.4730064,なるせ駅前市民センター,町田市南成瀬１－２－５,１階,午前8時30分から午後10時（行政窓口は午後5時）,,飲み口型,,
35.53612,139.47917,町田市立総合体育館,町田市南成瀬５－１２,１階,午前9時から午後9時,,ボトルディスペンサー型・飲み口型,,
35.53517,139.48488,成瀬クリーンセンター,町田市南成瀬８－１－１,１階ロビー,平日午前8時30分~午後5時（年末年始を除く）,,飲み口型,,
35.58263786,139.4788761,町田市立鶴川駅前図書館,町田市能ヶ谷１－２－１,２階,"月～金：午前9時30分～午後8時
土･日･祝休日：午前9時30分～午後6時
休館日：第一月・第三月",,飲み口型,,
35.55502849,139.4286318,木曽森野コミュニティセンター,町田市木曽東１－２,１階,午前9時～午後10時（休館日を除く）,,飲み口型,,
35.55776,139.4303,水道局町田サービスステーション,町田市木曽東１－４－１,１階,平日8:30-17:15,,飲み口型,,
35.59248,139.43889,町田GIONスタジアム,町田市野津田町２０３５,１階　待機場所,"4～9月：午前9時～午後6時、10～3月：午前9時～午後5時
休館日(毎月曜、年末年始)、試合等開催時不可",有料,ボトルディスペンサー型,,
35.64770976,139.5346749,下石原地域福祉センター,調布市下石原３－７２－１,ホール,毎月第4月曜日，年末年始を除く9:00～17:00,,飲み口型,,
35.65761705,139.5659645,菊野台地域福祉センター,調布市菊野台１－３８－１,１階廊下,毎月第4月曜日，年末年始を除く9:00～17:00,,飲み口型,,
35.6615951,139.5627291,北部公民館,調布市柴崎２－５－１８,１階,月曜日，年末年始，館内整理のための臨時休館日等を除く9:00～21:30,,飲み口型,,
35.65824129,139.5827473,東部公民館,調布市若葉町１-２９-２１,２階湯沸室,月曜日，年末年始，館内整理のための臨時休館日等を除く9:00～21:30,,飲み口型,,
35.64696474,139.5361962,調布市郷土博物館,調布市小島町３－２６－２,１階フロアーだれでもトイレ前,,,飲み口型,,
35.65756443,139.5275334,調布市民西調布体育館,調布市上石原２－４－１,ロビー,,,飲み口型,,
35.67216772,139.545869,神代植物公園,調布市深大寺元町５－３１－１０,植物会館１階ロビー,"9:30~17:00（最終入園は16:00まで）
休園日：毎週月曜日（月曜日が祝日・休日の場合はその翌日）",有料,飲み口型,,
35.67336743,139.5477601,神代植物公園,調布市深大寺北町１－４－６,植物多様性センター,"9:30~17:00
休園日：毎週月曜日（月曜日が祝日・休日の場合はその翌日）",有料,飲み口型,,
35.67272515,139.5517245,調布市総合体育館,調布市深大寺北町２－１－６５,体育館,,,ボトルディスペンサー型・飲み口型,,
35.65882155,139.5762415,神代出張所,調布市東つつじケ丘1-3-16,１階ロビー,土日祝日を除く8時30分から17時15分,,ボトルディスペンサー型・飲み口型,,
35.6510047,139.5789739,金子地域福祉センター,調布市西つつじヶ丘４－４３－３,１階廊下,毎月第4月曜日，年末年始を除く9:00～17:00,,飲み口型,,
35.66507176,139.5248537,武蔵野の森総合スポーツプラザ,調布市西町２９０－１１,サブアリーナ前自販機並び・サブアリーナ（※有料）,,一部有料,ボトルディスペンサー型・飲み口型,,
35.63961243,139.5564348,染地地域福祉センター,調布市染地３－３－１,１階廊下,毎月第4月曜日，年末年始を除く9:00～17:00,,飲み口型,,
35.66403878,139.534653,富士見地域福祉センター,調布市富士見町４－１５－６,１階廊下,毎月第4月曜日，年末年始を除く9:00～17:00,,飲み口型,,
35.66929156,139.5839164,緑ケ丘地域福祉センター,調布市緑ケ丘２－１８－４９,玄関ホール,毎月第4月曜日，年末年始を除く9:00～17:00,,飲み口型,,
35.74742544,139.5073532,水道局東久留米サービスステーション,東久留米市滝山６－１－１,１階,平日8:30-17:15,,飲み口型,,
35.75812691,139.5297455,東久留米市役所庁舎,東久留米市本町３－１－１,１階,"午前8時半～午後9時半
休館日:年末年始、施設点検日(年1～2回)",,飲み口型,,
35.73706336,139.6360472,練馬区立美術館,練馬区貫井1－36－16,２階,"10:00~18:00
定休日：月曜日（祝休日のときは、その翌平日）",,飲み口型,,
35.74696474,139.4691512,栄町児童館,東村山市栄町３ー１４ー１,児童館廊下,,,飲み口型,,
35.75962,139.45209,廻田公民館,東村山市廻田町４－１９－１,１階ロビー,,,飲み口型,,
35.77103618,139.4863445,秋津公民館,東村山市秋津町２－１７－１０,１階ロビー・２階ロビー,,,飲み口型,,
35.7711469,139.4866152,秋津図書館,東村山市秋津町２－１７－１０,１階,,,飲み口型,,
35.77340232,139.4834426,秋津児童館,東村山市秋津町３ー５１ー２５,児童館１階廊下,,,飲み口型,,
35.74170758,139.4784877,萩山公民館,東村山市萩山町２－１３－１,１階ロビー,,,飲み口型,,
35.75704418,139.4618553,美住リサイクルショップ　※故障のため一時使用不可,東村山市美住町２－１１－３２,１階,,,飲み口型,,
35.74412016,139.4613563,富士見図書館,東村山市富士見町１－７－３５,１階,,,飲み口型,,
35.74652285,139.4631174,富士見公民館,東村山市富士見町５－４－５１,１階ロビー・２階ロビー,,,飲み口型,,
35.75520113,139.4681849,中央図書館,東村山市本町１－１－１０,１・２階,,,飲み口型,,
35.75425709,139.4682571,いきいきプラザ,東村山市本町１－２－３,"１・２・３・４階自販機コーナー
１階休日準夜応急診療所",,,飲み口型,,
35.75470549,139.4684851,東村山市役所本庁舎,東村山市本町１－２－３,地下１階・１・２・３・４・６階,,,飲み口型,,
35.75976934,139.4670608,中央公民館,東村山市本町２－３３－２,１・２・３階,,,飲み口型,,
35.76509023,139.4533778,北山児童館,東村山市野口町３ー２６ー２,児童館１階廊下,,,飲み口型,,
35.76617383,139.4541692,八国山たいけんの里,東村山市野口町３－４８－１,１階ロビー,,,飲み口型,,
35.73882068,139.4340696,東大和市民会館ハミングホール,東大和市向原６－１,ハミングホール地下,,,飲み口型,,
35.73599646,139.4216182,東大和市民体育館,東大和市桜が丘２－１６７－１３,地下１階・１・２階,,,飲み口型,,
35.74163004,139.4159671,水道局東大和サービスステーション,東大和市上北台３－４４７,１階,平日8:30-17:15,,飲み口型,,
35.74090264,139.4476016,清原市民センター,東大和市清原４ー１ー１６号棟１階,清原市民センターロビー,,,飲み口型,,
35.74533689,139.4262862,東大和市役所,東大和市中央３－９３０,１・２・３・４・５階,,,飲み口型,,
35.75506087,139.4231643,東大和市立郷土博物館,東大和市奈良橋１－２６０－２,喫茶コーナー,,,飲み口型,,
35.72974103,139.7898925,東日暮里ふれあい館,荒川区東日暮里1-17-3,2階,9:00~22:00,,飲み口型,,
35.73001766,139.7813443,夕やけこやけふれあい館,荒川区東日暮里3-11-19,4階,9:00~22:00,,飲み口型,,
35.73305,139.77603,ひぐらしふれあい館,荒川区東日暮里6-28-15,1階、2階、3階、4階,9:00~22:00,,飲み口型,,
35.74479129,139.7714128,東尾久本町通りふれあい館,荒川区東尾久2-37-14,1階、2階、3階,9:00~22:00,,飲み口型,,
35.66719155,139.8168639,東陽図書館,江東区東陽2-3-6（教育センター）,1階,"月～土：9時～20時
日曜・祝日・休日・12/28：9時～19時
※特別整理期間及び全館休館日を除く",,飲み口型,,
35.73332975,139.7983291,南千住駅前ふれあい館,荒川区南千住7-1-1,2階,9:00~22:00,,飲み口型,,
35.7346131,139.8070577,汐入ふれあい館,荒川区南千住8-2-2,2階,9:00~22:00,,ボトルディスペンサー型・飲み口型,,
35.66310432,139.3688069,日野市発達教育・支援センター,日野市旭が丘２－４２－８,１階 玄関付近（※土足禁止）,"月～金：9:00~18:00
第4日曜日：9:00~17:00
休館日：土・日・祝・年末年始",,ボトルディスペンサー型,,
35.66112,139.36658,東京都立大学　日野キャンパス,日野市旭が丘６－６,大学会館１階,"９時から２２時
（第1，3火曜休館）",,飲み口型,,
35.65816,139.41403,七生公会堂,日野市三沢３ー５０－１,１、２階　計２か所,"9:00~21:30
休館日：月・第2火曜日・年末年始",,ボトルディスペンサー型,,
35.671343,139.395011,日野市役所,日野市神明１－１２－１,１階,8:30~17:00,,ボトルディスペンサー型,,
35.67110326,139.3958648,子ども包括支援センターみらいく,日野市神明1-13-2,１階,"8:30~20:00
休館日：祝・年末年始",,ボトルディスペンサー型,,
35.66582494,139.4283649,クリーンセンター,日野市石田１－２１０－２,２階,"8:30~17:15
休館日：土・日",,ボトルディスペンサー型,,
35.65982389,139.3805858,日野市立ひの市民活動支援センター本館,日野市多摩平1-10-1,１階,"9:00~22:00
休館日：年末年始",,ボトルディスペンサー型,,
35.66500323,139.3824507,水道局日野サービスステーション,日野市多摩平２－７－２,１階,平日8:30-17:15,,飲み口型,,
35.66516533,139.3762715,ひの社会教育センター,日野市多摩平３－１－１３,１階,"月～土：9:00~21:00
日：9:00~17:00
休館日：お盆時期・年末年始",,ボトルディスペンサー型,,
35.65195394,139.4160579,湯沢福祉センター,日野市程久保８７３,１階,"9:00~21:30
休館日：月・祝・年末年始",,ボトルディスペンサー型,,
35.66354916,139.3848188,カワセミハウス,日野市東豊田３ー２６－１,１階,"9:00~21:30
休館日：月・年末年始",,ボトルディスペンサー型,,
35.67592,139.40025,生活・保健センター,日野市日野本町１－６－２,１階,"8:30~21:30
休館日：月・年末年始",,ボトルディスペンサー型,,
35.67878956,139.3994716,日野図書館,日野市日野本町７－５－１４,２階,"火～金：10:00~19:00
土・日・祝：10:00~17:00
休館日：月・年末年始",,ボトルディスペンサー型,,
35.67954711,139.4001188,中央公民館,日野市日野本町７－５ー２３,１階 談話室,"火～金：10:00~19:00
土・日・祝：10:00~17:00
休館日：月・年末年始",,ボトルディスペンサー型,,
35.66478029,139.3830786,日野市社会福祉協議会,"日野市日野本町7－５―２３
中央福祉センター",２階,"9:00~21:30
休館日：月・祝日・年末年始",,ボトルディスペンサー型,,
35.657761,139.430914,百草図書館,"日野市百草２０４－１
ガーデンビュー石神Ｄ２階",２階 エレベーター前,"火～金：10:00~19:00
土・日・祝：10:00~17:00
休館日：月・年末年始",,ボトルディスペンサー型,,
35.6573,139.338843,学園都市センター,"八王子市旭町９－１
八王子スクエアビル１１階・１２階",１２階,9:00～22：00,,飲み口型,,
35.62708451,139.3826326,由木中央市民センター,八王子市下柚木２－１０－６,玄関風除室,9：00～21：30,,飲み口型,,
35.69959587,139.3238886,加住市民センター,八王子市加住町１－３３８,１階　通路　事務所前,9：00～21：30,,飲み口型,,
35.6665,139.31616,八王子市役所,八王子市元本郷町３－２４－１,１階,8:30～17:00,,ボトルディスペンサー型・飲み口型,,
35.64362672,139.2768609,浅川市民センター,八王子市高尾町１６５２－１,１階ロビー,9：00～21：30,,飲み口型,,
35.65078,139.34464,子安市民センター,八王子市子安町２－６－１,２階体育室前,9：00～21：30,,飲み口型,,
35.63430743,139.4216201,由木東市民センター,八王子市鹿島１１１－１,体育室・事務所受付前通路,9：00～21：30,,飲み口型,,
35.68310214,139.2862424,元八王子市民センター,八王子市上壱分方町７４７－１,会議室２入り口付近,9：00～21：30,,飲み口型,,
35.67411668,139.2687441,恩方市民センター,八王子市西寺方町２６０－４,ロビー階段前,9：00～21：30,,飲み口型,,
35.68026543,139.364442,石川市民センター,八王子市石川町４３８,センター玄関ホール,9：00～21：30,,飲み口型,,
35.68663663,139.2987728,生涯学習センター川口分館,八王子市川口町３８３８,２階,9：00～21：30,,ボトルディスペンサー型・飲み口型,,
35.68656225,139.2988228,川口市民センター,八王子市川口町３８３８,１階,9：00～21：30,,ボトルディスペンサー型・飲み口型,,
35.65508331,139.3201423,台町市民センター,八王子市台町３－２０－１,２階体育室入口,9：00～21：30,,飲み口型,,
35.66450065,139.3279231,大横保健福祉センター,八王子市大横町１１ー３５,１階地域交流・情報スペース,"9：00-21：00
（日曜日、祝日は9：00-17：00）
毎月第1日曜日、年末年始は休館日",,飲み口型,,
35.66473054,139.3277873,"コニカミノルタ サイエンスドーム
（八王子市こども科学館）",八王子市大横町９－１３,１・２階,"･土日祝日および市立学校の夏季・冬季・春季休業期間
午前10時～午後５時 
･火～金曜日
正午～午後５時（午前９時～正午は事前予約団体専用）
休館日　毎週月曜日
（詳細はＨＰで確認してください）",有料,飲み口型,,
35.6630699,139.3519114,大和田市民センター,八王子市大和田町５－９－１,２階体育室前,9：00～21：30,,飲み口型,,
35.68180375,139.3185781,中野市民センター,八王子市中野町２７２６－７,１階体育室入口,9：00～21：30,,飲み口型,,
35.68127251,139.3182855,八王子市甲の原体育館,八王子市中野町２７２６－８,１・２階,9:00～21:30,,飲み口型,,
35.65030613,139.2954042,長房市民センター,八王子市長房町５０６－２,１階ホール,9：00～21：30,,飲み口型,,
35.64533541,139.2921492,東浅川保健福祉センター,八王子市東浅川町５５１－１,２階,"8：30～21：00
（ただし年末年始と第２月曜日を除く）",,ボトルディスペンサー型・飲み口型,,
35.65851993,139.3401264,"生涯学習センター
（クリエイトホール）",八王子市東町５－６,地下１・4・７・１０階,9：00～22：00,,飲み口型,,
35.65857768,139.3399601,生涯学習センター図書館,"八王子市東町５－６
クリエイトホール内",２・３階,10：00～19：00,,飲み口型,,
35.61839239,139.3799593,東京都立大学　南大沢キャンパス図書館,八王子市南大沢１－１,２・３階,,,飲み口型,,
35.61654417,139.3774789,東京都立大学　南大沢キャンパス,八王子市南大沢１－１,講堂内だれでもトイレ脇,,,ボトルディスペンサー型,,
35.61191315,139.3792482,生涯学習センター南大沢分館,八王子市南大沢２－２７,２階,9：00～21：30,,飲み口型,,
35.6120689,139.3792602,南大沢市民センター,八王子市南大沢２－２７,公共棟３階　ロビー掲示板前,9：00～21：30,,飲み口型,,
35.61142255,139.3794935,南大沢文化会館,八王子市南大沢２－２７,１階　市民ロビー,9:00～22：00,,飲み口型,,
35.61219718,139.3794164,南大沢事務所,"八王子市南大沢２－２７　
フレスコ南大沢1階",１階　,10:00～17:00,,飲み口型,,
35.61169214,139.3794578,南大沢図書館,"八王子市南大沢２－２７
フレスコ南大沢地下１階",地下１階,10：00～19：00,,飲み口型,,
35.61189202,139.3792584,南大沢保健福祉センター,"八王子市南大沢２－２７
フレスコ南大沢公共棟１階",1階　保健福祉センター内ロビー,"9：00～17:00
休館日：日曜日、祝日（敬老の日は除く）、年末年始",,ボトルディスペンサー型・飲み口型,,
35.641362,139.340195,由井市民センター,八王子市片倉７０２－１,１階給湯室前,9：00～21：30,,飲み口型,,
35.65623024,139.3521895,北野環境学習センター（あったかホール）,八王子市北野町５９６－３,２階、３階、４階,"8:30～21:00（平日）
7:30～21:00（休日）
※夏季(6/1～9/30)は22:00まで",,飲み口型,,
35.66245,139.33226,芸術文化会館,八王子市本町24-1,1階,9:00～22：00,,飲み口型,,
35.63387416,139.3105326,横山南市民センター,八王子市椚田町１３７ー３,１階ロビー,9：00～21：30,,飲み口型,,
35.75452788,139.7155938,東板橋図書館,板橋区加賀１－１０－１５,1・２階,"9:00~20:00
定休日：第3月曜日、月末（土日祝日と重なる場合は翌平日）",,ボトルディスペンサー型・飲み口型,,
35.75363496,139.7155629,植村記念加賀スポーツセンター,板橋区加賀１－１０－５,地下１階通路・１階自動販売機横・１階プール場内・２階トレーニング受付前,"平日9:00~23:00、土日祝日9:00~21:00
休館日：毎月第3月曜日（国民の祝日にあたる時はその翌日）、年末年始",,飲み口型,,
35.79195744,139.6456585,西高島平駅（都営三田線）,板橋区高島平６－１,ホーム,始発から終電まで,有料,飲み口型,,
35.79013,139.65457,新高島平駅（都営三田線）,板橋区高島平７－１,ホーム,始発から終電まで,有料,飲み口型,,
35.78877,139.66158,高島平駅（都営三田線）,板橋区高島平８－２－１,ホーム,始発から終電まで,有料,飲み口型,,
35.79151,139.66425,高島平温水プール,板橋区高島平８－２８－１,M2階プール・２階トレーニングルーム,"平日9:00~23:00、土日祝日9:00~21:00
休館日：毎月第2月曜日（国民の祝日にあたる時はその翌日）、年末年始",,飲み口型,,
35.78711884,139.672799,西台駅（都営三田線）,板橋区高島平９－１－１,ホーム,始発から終電まで,有料,飲み口型,,
35.75707,139.67569,上板橋体育館,板橋区桜川１－３－１,１階ロビー・１階屋内プール内・２階トレーニングルーム内,"平日9:00~23:00、土日祝日9:00~21:00
休館日：毎月第2月曜日（国民の祝日にあたる時はその翌日）、年末年始",,ボトルディスペンサー型・飲み口型,,
35.77580398,139.6953719,志村坂上駅（都営三田線）,板橋区志村１－１４－１３,ホーム,始発から終電まで,有料,飲み口型,,
35.77758,139.68617,志村三丁目駅（都営三田線）,板橋区志村３－２３－１,ホーム,始発から終電まで,有料,飲み口型,,
35.77322632,139.6999984,志村図書館,板橋区小豆沢１－８－１,１階,"9:00～20:00
定休日：第3月曜日、月末（土日祝日と重なる場合は翌平日）",,飲み口型,,
35.77847607,139.6983286,小豆沢体育館,板橋区小豆沢３－１－１,体育棟１階ロビー・２階トレーニング室前・3階多目的室前・プール棟１F ・プール棟B1F,"平日9:00~23:00、土日祝日9:00~21:00
休館日：毎月第2月曜日（国民の祝日にあたる時はその翌日）、年末年始",,飲み口型,,
35.74554325,139.6808245,小茂根図書館,板橋区小茂根１－６－２,１階児童コーナー子ども用トイレ入口,"9:00~20:00
定休日：第3月曜日、月末（土日祝日と重なる場合は翌平日）",,ボトルディスペンサー型・飲み口型,,
35.76285909,139.6813922,中央図書館,板橋区常盤台４－３―１,１階予約受取コーナー脇、３階携帯電話ブース前,"9:00~20:00
定休日：第2月曜日、月末（土日祝日と重なる場合は翌平日）",,ボトルディスペンサー型・飲み口型,,
35.77852988,139.6323684,成増図書館,"板橋区成増３－１３－１
アリエス3階",３階,"9:00~20:00
定休日：第3月曜日、月末（土日祝日と重なる場合は翌平日）",,ボトルディスペンサー型・飲み口型,,
35.77408687,139.6687587,西台図書館,板橋区西台３－１３－２,1階男子トイレ入口、女子トイレ入口、児童コーナー子ども用トイレ入口,"9:00~20:00
定休日：第3月曜日、月末（土日祝日と重なる場合は翌平日）",,飲み口型,,
35.77793607,139.6416106,赤塚体育館,板橋区赤塚５－６－１,体育館棟２階・プール棟地下２階・少年運動場,"平日9:00~23:00、土日祝日9:00~21:00
休館日：毎月第2月曜日（国民の祝日にあたる時はその翌日）、年末年始",,飲み口型,,
35.77870226,139.6447098,赤塚図書館,板橋区赤塚６－３８－１,児童室側入口,"9:00～20:00
定休日：第3月曜日、月末（土日祝日と重なる場合は翌平日）",,飲み口型,,
35.7612596,139.7055281,板橋本町駅（都営三田線）,板橋区大和町１７－１,ホーム,始発から終電まで,有料,飲み口型,,
35.75118,139.69638,仲町地域センター,板橋区仲町２０－５,３階,8:30~21:30,,飲み口型,,
35.74881077,139.7201613,新板橋駅（都営三田線）,板橋区板橋１－５３－１７,ホーム,始発から終電まで,有料,飲み口型,,
35.75165076,139.7097052,板橋区役所前駅（都営三田線）,板橋区板橋２－６６－１７,ホーム,始発から終電まで,有料,飲み口型,,
35.75170749,139.7074389,水道局板橋営業所,板橋区氷川町３ー６,１階,平日8:30-17:15,,飲み口型,,
35.78418091,139.6790161,蓮根駅（都営三田線）,板橋区蓮根２－３１－３０,ホーム,始発から終電まで,有料,飲み口型,,
35.76852238,139.7024191,本蓮沼駅（都営三田線）,板橋区蓮沼町１９－８,ホーム,始発から終電まで,有料,飲み口型,,
35.61471452,139.7020726,荏原区民センター,品川区荏原５ー６ー５,１階ロビー,,,ボトルディスペンサー型,,
35.60385,139.7003,旗の台児童センター,品川区旗の台５－１９－５,児童センター内,,,飲み口型,,
35.61453948,139.7163172,戸越駅（都営浅草線）,品川区戸越３－４－１７,ホーム,始発から終電まで,有料,飲み口型,,
35.60746971,139.7154106,大原児童センター,品川区戸越６－１６－１,児童センター内,,,飲み口型,,
35.62217533,139.7125619,中原児童センター,品川区小山１－４－１,児童センター内,,,飲み口型,,
35.62067626,139.7092012,後地児童センター,品川区小山２－９－１９,児童センター内,,,飲み口型,,
35.62257182,139.7167495,五反田図書館,品川区西五反田６－５－１,２階図書館内,,,飲み口型,,
35.60062073,139.71755,伊藤児童センター,品川区西大井６－１３－１,児童センター内,,,飲み口型,,
35.60140133,139.7142221,冨士見台児童センター,品川区西大井６－１－８,児童センター内,,,飲み口型,,
35.61243777,139.7085588,中延児童センター,品川区西中延１－６－１６,児童センター内,,,飲み口型,,
35.61158713,139.7079503,水道局品川営業所,品川区西中延１－９－１０,１階,平日8:30-17:15,,飲み口型,,
35.60736463,139.7081015,西中延児童センター,品川区西中延３－８－５,児童センター内,,,飲み口型,,
35.61402677,139.7262257,三ツ木児童センター,品川区西品川２－６－１３,児童センター内,,,飲み口型,,
35.60458,139.72977,一本橋児童センター,品川区大井２－２５－１,児童センター内,,,飲み口型,,
35.60227745,139.7338558,大井倉田児童センター,品川区大井４－１１－３４,児童センター内,,,飲み口型,,
35.59817,139.72887,滝王子児童センター,品川区大井５－１９－１４,児童センター内,,,飲み口型,,
35.59821949,139.7292233,大井図書館,品川区大井５－１９－１４,１階図書館内,,,飲み口型,,
35.61922781,139.7253734,大崎図書館分館,品川区大崎３－１２－２２,地下１階図書館内,,,飲み口型,,
35.61221,139.71085,荏原文化センター,品川区中延１－９－１５,２階,,,飲み口型,,
35.60551337,139.709877,源氏前図書館,品川区中延４－１４－１７,３階図書館内,,,飲み口型,,
35.62615,139.72377,五反田駅（都営浅草線）,品川区東五反田１－２６－２,ホーム,始発から終電まで,有料,飲み口型,,
35.62427,139.72833,総合体育館,品川区東五反田２－１１－２,地下２階,,,飲み口型,,
35.62804738,139.7233834,東五反田児童センター,品川区東五反田５－２４－１,児童センター内,,,飲み口型,,
35.60330844,139.741482,東大井児童センター,品川区東大井１－２２－１６,児童センター内,,,飲み口型,,
35.60774779,139.7138009,東中延児童センター,品川区東中延２－５－１０,児童センター内,,,飲み口型,,
35.60583194,139.7127566,中延駅（都営浅草線）,品川区東中延２－９－１２,ホーム,始発から終電まで,有料,飲み口型,,
35.61913,139.74596,東品川児童センター,品川区東品川１－３４－９,児童センター内,,,飲み口型,,
35.61946234,139.7501783,天王洲公園,"品川区東品川２－５－４２
～２－６－２３",クラブハウス１階ロビー,,,飲み口型,,
35.59173974,139.7343728,南大井児童センター,品川区南大井３－７－１３,児童センター内,,,飲み口型,,
35.59159197,139.7343875,南大井図書館,品川区南大井３－７－１３,４階図書館内,,,飲み口型,,
35.59551,139.73419,水神児童センター,品川区南大井５－１３－１９,児童センター内,,,飲み口型,,
35.61352411,139.7387649,南品川児童センター,品川区南品川４－５－２８,児童センター内,,,飲み口型,,
35.60800065,139.7266923,二葉図書館,品川区二葉１－４－２５,２階図書館内,,,飲み口型,,
35.59996695,139.7515185,八潮児童センター,品川区八潮５－１０－２７,児童センター内,,,飲み口型,,
35.59987538,139.7516531,八潮図書館,品川区八潮５－１０－２７,３階図書館内,,,飲み口型,,
35.61872089,139.7175598,平塚児童センター,品川区平塚２－２－３,児童センター内,,,飲み口型,,
35.61166582,139.7223704,ゆたか図書館,品川区豊町１－１７－７,１・２階図書館内,,,飲み口型,,
35.61148,139.72275,ゆたか児童センター,品川区豊町１－１８－１５,児童センター内,,,飲み口型,,
35.61109544,139.7207062,戸越体育館,品川区豊町２－１－１７,１階ロビー・２階,,,飲み口型,,
35.60646182,139.7208272,南ゆたか児童センター,品川区豊町４－１７－２１,児童センター内,,,飲み口型,,
35.61689,139.74237,品川図書館,品川区北品川２－３２－３,４階図書館内,,,飲み口型,,
35.61883167,139.743933,北品川児童センター,品川区北品川２－７－２１,児童センター内,,,飲み口型,,
35.62324,139.73166,大崎図書館,品川区北品川５－２－１,２階図書館内,,,飲み口型,,
35.61963,139.73285,小関児童センター,品川区北品川５－８－１５,児童センター内,,,飲み口型,,
35.68830427,139.4806555,栄町体育館,府中市栄町１－１,１階廊下,,,ボトルディスペンサー型・飲み口型,,
35.65973637,139.5117409,押立体育館,府中市押立町１－３７,１階廊下,,,飲み口型,,
35.65375141,139.5177796,押立文化センター,府中市押立町５－４,１階,,,飲み口型,,
35.66886,139.47777,府中市本庁舎,府中市宮西町２－２４,西庁舎１階、東庁舎１～８階、北庁舎３階,,,飲み口型,,
35.67196067,139.4795412,市民活動センタープラッツ,府中市宮町１－１００　５・６階,６階,,,ボトルディスペンサー型・飲み口型,,
35.66885606,139.4786292,府中市ふるさと府中歴史館,府中市宮町３－１,１階東側入口付近,,,飲み口型,,
35.67656,139.50908,紅葉丘文化センター,府中市紅葉丘２－１,１～３階,,,飲み口型,,
35.66531894,139.4454552,四谷文化センター,府中市四谷２－７５,１・２階,,,飲み口型,,
35.66445,139.44119,四谷体育館,府中市四谷５－６,１Ｆ廊下,,,飲み口型,,
35.67369,139.47856,府中駅北第２庁舎,府中市寿町１－５,１階,,,飲み口型,,
35.67369152,139.4746409,水道局府中サービスステーション,府中市寿町３－４－６,１階,平日8:30-17:15,,飲み口型,,
35.66029,139.46051,住吉文化センター,府中市住吉町１－６１,１・２・３階,,,飲み口型,,
35.66021,139.45845,女性センター,府中市住吉町１－８４,４階,,,飲み口型,,
35.68715371,139.4894018,新町文化センター,府中市新町１－６６,１・２・３階,,,飲み口型,,
35.66087,139.49541,是政文化センター,府中市是政２－２０,１・２・３階,,,飲み口型,,
35.67107743,139.4561755,西府文化センター,府中市西府町１－６０,１・２階,,,飲み口型,,
35.67897959,139.4922934,府中市美術館,府中市浅間町１－３,１階エントランスロビー,,,飲み口型,,
35.65689,139.47351,府中市郷土の森博物館,府中市南町６－３２,博物館本館エントランス,,有料,飲み口型,,
35.67119465,139.5087639,白糸台体育館,府中市白糸台１－５０,１階廊下,,,ボトルディスペンサー型・飲み口型,,
35.66702,139.50629,白糸台文化センター,府中市白糸台１－６０,１階,,,飲み口型,,
35.67594,139.48389,ルミエール府中,府中市府中町２－２４,１・２・３・４・５階休憩コーナー,,,飲み口型,,
35.67579799,139.4821906,中央文化センター,府中市府中町２－２５,１階ひばりホール前,,,飲み口型,,
35.68861363,139.4613757,武蔵台文化センター,府中市武蔵台２－２,１～２階,,,飲み口型,,
35.670316,139.4693434,片町文化センター,府中市片町２－１７,１階,,,飲み口型,,
35.67939,139.45992,本宿体育館,府中市本宿町４－２３,１階廊下,,,ボトルディスペンサー型,,
35.65595639,139.4777847,総合体育館,府中市矢崎町５－５,レクリエーションホール横廊下・武道場前・第１体育室横・第２体育室横,,,ボトルディスペンサー型・飲み口型,,
35.74613,139.40326,武蔵村山市民総合センター,武蔵村山市学園四丁目５－１,１・２・３階,午前8時30分～午後10時00分,,飲み口型,,
35.75475,139.38736,武蔵村山市役所本庁舎,武蔵村山市本町1-1-1,１・２・４階,平日：午前8時30分～午後5時15分,,飲み口型,,
35.74175032,139.4050365,緑が丘出張所,武蔵村山市緑が丘１４６０番地１１０４号棟　１階,１階,,,飲み口型,,
35.71819425,139.3350087,わかたけ会館・図書館,福生市熊川１９９－１,１階,"午前9時から午後10時まで
休館日：毎週月曜日（休日が当たる場合には翌日）、年末年始",,飲み口型,,
35.72414,139.33786,白梅会館,福生市熊川５５９－１,１階,"午前9時から午後10時まで
休館日：毎週月曜日（休日が当たる場合には翌日）、年末年始",,飲み口型,,
35.73206058,139.3374037,S&Dたまぐー福生中央図書館,福生市熊川８５０－１,１階,"午前10時から午後5時まで（火曜日・水曜日・木曜日・金曜日は午後8時まで、ただし祝日と重なった日は午後5時まで）
休館日：毎週月曜日（休日が当たる場合には翌日）、年末年始",,ボトルディスペンサー型・飲み口型,,
35.72763028,139.3324808,福祉センター,福生市南田園２－１３－１,１階,"午前9時から午後10時（月曜日のみ午後5時まで）
休館日：年末年始",,飲み口型,,
35.74699,139.33395,武蔵野台図書館・児童館,福生市武蔵野台１－１２－２,１・３階,"【夏季期間（4月から9月）】
（月曜日から金曜日）午前9時から午後9時（中学生以下は午後6時まで）（土曜日・日曜日・祝日）午前9時から午後6時
【冬季期間（10月から3月）】
（月曜日から金曜日）午前9時から午後9時（中学生は午後6時まで、小学生以下は午後5時まで）（土曜日・日曜日・祝日）午前9時から午後6時（小学生以下は午後5時まで）",,飲み口型,,
35.74646073,139.3324557,松林会館,福生市武蔵野台１－１５－１,１階,"午前9時から午後10時まで
休館日：毎週月曜日（休日が当たる場合には翌日）、年末年始",,飲み口型,,
35.74626737,139.3208993,わかぎり会館・図書館,福生市福生１２８０－１,１階,"午前9時から午後10時まで
休館日：毎週月曜日（休日が当たる場合には翌日）、年末年始",,飲み口型,,
35.73466,139.32245,中央体育館,福生市北田園２－９－１,１・２階,"午前9時から午後10時まで
休館日：毎週月曜日（休日が当たる場合には翌日）、年末年始",,飲み口型,,
35.7387,139.32678,福生市役所庁舎,福生市本町５,第二棟１階,"午前8時30分から午後5時15分（水曜日は午後8時まで）
閉庁日：日曜日・祝日、年末年始",,ボトルディスペンサー型・飲み口型,,
35.70355201,139.7549936,水道橋駅（都営三田線）,文京区後楽１－３－４２先,ホーム,始発から終電まで,有料,飲み口型,,
35.70210522,139.7450794,飯田橋駅（都営大江戸線）,文京区後楽１－９－５,ホーム,始発から終電まで,有料,飲み口型,,
35.71729104,139.7578005,向丘地域活動センター,文京区向丘１－２０－８,１階廊下,,,飲み口型,,
35.70846698,139.7536053,春日駅（都営大江戸線）,文京区春日１－１６－１７,ホーム,始発から終電まで,有料,飲み口型,,
35.71194327,139.750383,礫川地域活動センター,文京区小石川２－１８－１８,１階ロビー,,,飲み口型,,
35.72790643,139.7448796,千石駅（都営三田線）,文京区千石１－２９－１３,ホーム,始発から終電まで,有料,飲み口型,,
35.72475,139.74319,大原地域活動センター,文京区千石１－４－３,１階ロビー,,,飲み口型,,
35.72053575,139.7364084,スポーツセンター,文京区大塚３－２９－２,１・２・３・４階,,,ボトルディスペンサー型・飲み口型,,
35.72386876,139.7323777,大塚公園集会所,文京区大塚４－４９－２,１階エントランス,,,飲み口型,,
35.72123394,139.7521109,白山駅（都営三田線）,文京区白山５－３６－１０,ホーム,始発から終電まで,有料,飲み口型,,
35.71921,139.764245,不忍通りふれあい館,文京区文京区根津２－２０－７,１階,,,飲み口型,,
35.70750447,139.7603949,本郷三丁目駅（都営大江戸線）,文京区本郷２－４０－８,ホーム,始発から終電まで,有料,飲み口型,,
35.70336946,139.7604874,東京都水道歴史館,文京区本郷２－７－１,１階ラウンジ・２階公苑側休憩所,"9:30～17:00 (入館は16:30まで)
休館日：毎月第4月曜日 (休日の場合はその翌日)
　　　　年末年始(12月28日～1月4日)",,ボトルディスペンサー型・飲み口型,,
35.70879555,139.7542442,区民センター,文京区本郷４－１５－１４,２・３・４階,,,飲み口型,,
35.70932021,139.7533487,春日駅（都営三田線）,文京区本郷４－１５－１６,ホーム,始発から終電まで,有料,飲み口型,,
35.70808833,139.763545,総合体育館,文京区本郷７－１－２,地下１階、１階、２階,,,飲み口型,,
35.72855953,139.7522654,駒込地域活動センター,文京区本駒込３－２２－４,１階エントランス,,,飲み口型,,
35.7332,139.7554,文京区勤労福祉会館,文京区本駒込４－３５－１５,１階ロビー,,,飲み口型,,
35.73703479,139.6603543,豊玉リサイクルセンター,練馬区豊玉上２－２２－１５,１階事務室脇,"9:00~17:00
休館日：毎週水曜日※祝・休日は開館し、その直後の祝・休日でない日に休館",,飲み口型,,
35.73734058,139.7471717,豊島区立駒込図書館,豊島区駒込２－２－２,３階,"平日：9:00~20:00
土日祝休日：9:00~18:00",,飲み口型,,
35.74370378,139.7285702,西巣鴨駅（都営三田線）,豊島区西巣鴨３－２５－１３,ホーム,始発から終電まで,有料,飲み口型,,
35.72988,139.70824,東京芸術劇場,豊島区西池袋１－８－１,１階劇場通り側出入口付近、地下１階・２・３・５・７・８・９階,9:00~22:00(休館日を除く),一部除き有料,ボトルディスペンサー型・飲み口型,,
35.73343265,139.7391877,巣鴨駅（都営三田線）,豊島区巣鴨３－２７－７,ホーム,始発から終電まで,有料,飲み口型,,
35.72607,139.71666,豊島区役所本庁舎,豊島区南池袋２－４５－１,３階、４階,"平日：8:30~17:15
日曜日：8:30~17:15",,飲み口型,,
35.72577137,139.6987704,豊島区立目白図書館,豊島区目白４－３１－８,１階,"平日：9:00~20:00
土日祝休日：9:00~18:00",,飲み口型,,
35.75869823,139.7303977,パノラマプール十条台,北区中十条１－５－６,１階,9:00~21:00,,飲み口型,,
35.70389,139.81497,本所都民防災教育センター,墨田区横川４－６－６,１・２・３・４・５階,,,飲み口型,,
35.70529127,139.8175438,横川コミュニティ会館,墨田区横川五丁目9番1号,2階,9:00～20:00,,飲み口型,,
35.69673349,139.7974584,両国駅（都営大江戸線）,墨田区横網１－４－２９,ホーム,始発から終電まで,有料,飲み口型,,
35.68841813,139.8060394,菊川駅（都営新宿線）,墨田区菊川３－１６－２,ホーム,始発から終電まで,有料,飲み口型,,
35.71697,139.81943,ひきふね図書館,墨田区京島一丁目36番5号,２階こどもとしょしつ,"月～土9:00~18:00、日曜日・祝日9:00~17:00
休館日：毎月第３木曜日（祝日の場合はその翌日）、年末年始、特別整理期間。",,飲み口型,,
35.70861697,139.8045684,本所吾妻橋駅（都営浅草線）,墨田区吾妻橋３－７－１６先,ホーム,始発から終電まで,有料,飲み口型,,
35.71324,139.81073,すみだ福祉保健センター,墨田区向島三丁目36番7号,1階トイレ横,9：00～17：00,,飲み口型,,
35.69051127,139.7957092,水道局墨田営業所,墨田区千歳２－２－１１,１階,平日8:30-17:15,,飲み口型,,
35.71628,139.8306,すみだスポーツ健康センター,墨田区東墨田一丁目6番1号,1階・2階廊下,10：00～20：00,,飲み口型,,
35.72483304,139.8257998,八広図書館,墨田区八広五丁目10番1-104号 都営八広五丁目アパート１Ｆ,館内ロビー,"月～土9:00～20:00、日・祝9:00～17:00
休館日:毎月第３木曜日（祝日の場合はその翌日）、年末年始、特別整理期間。令和７年１２月～令和８年２月は大規模修繕工事のため休館。",,飲み口型,,
35.7293809,139.8153796,梅若ゆうゆう館,墨田区墨田一丁目4番4号,サロン（正面玄関入って左）,月～土9:00～21:00、、日・祝9:00～17:00,,飲み口型,,
35.7032165,139.7989127,本所地域プラザ,墨田区本所一丁目13番4号,3階,9:00～20:00,,飲み口型,,
35.71069201,139.8347148,立花図書館,墨田区立花六丁目8番1号 都営立花六丁目アパート１号棟 １０１,館内入口付近,"月～土9:00～20:00、日・祝9:00～17:00
休館日:毎月第３木曜日（祝日の場合はその翌日）、年末年始、特別整理期間。",,飲み口型,,
35.69576,139.80052,緑図書館,墨田区緑二丁目24番5号,３階学習室前,"月～土9:00～20:00、日・祝9:00～17:00
休館日:毎月第３木曜日（祝日の場合はその翌日）、年末年始、特別整理期間。",,飲み口型,,
35.65869,139.67958,駒場体育館,目黒区駒場２－１９－３９,１・２階,9:00～22:00,,ボトルディスペンサー型・飲み口型,,
35.64167717,139.713258,東京都写真美術館,目黒区三田１－１３－３,地下１階トイレ前・２階トイレ前・３階トイレ前,"10:00~18:00、木・金10:00~20:00
※入館は閉館時間の30分前まで
※2026年1月2日は18:00まで開館
休館日：毎週月曜日（月曜日が祝休日の場合は開館し、翌平日休館）、年末年始（12/29~1/1）、2026年1/26~2/5",,飲み口型,,
35.64108,139.69838,目黒区総合庁舎,目黒区上目黒２－１９－１５,本館１・２・３階、別館２階,"8:30~17:00
休館日：土・日曜日",,飲み口型,,
35.63204,139.69209,中央町さくらプラザ,目黒区中央町２－４－１８,１階ロビー,"9:00~21:00
休館日：12/28~1/4",,飲み口型,,
35.63300737,139.6923969,水道局目黒営業所,目黒区中町２－４３－１８,１階,平日8:30-17:15,,飲み口型,,
35.64800304,139.6855537,東山社会教育館,目黒区東山３－２４－２,２階ロビー,"9:00~21:00
休館日：月曜日、12/28~1/4",,飲み口型,,
35.62150328,139.6727538,八雲体育館,目黒区八雲１－１－１　めぐろ区民キャンパス内,１・２階,9:00～22:00,,飲み口型,,
35.6274174,139.6820037,碑文谷体育館,目黒区碑文谷６－１２－４３,１階体育室口ホール,9:00~22:00,,ボトルディスペンサー型・飲み口型,,
35.63549,139.70818,目黒区民センター社会教育館,目黒区目黒２－４－３６,６階,"9:00~21:00
休館日：月曜日、12/28~1/4",,飲み口型,,
35.63581644,139.7084101,目黒区民センター体育館,目黒区目黒２－４－３６,１階トレーニング室・３階ロビー・地下プール,,有料,ボトルディスペンサー型・飲み口型,,
35.62535,139.69501,目黒本町社会教育館,目黒区目黒本町２－１－２０,３階ロビー,"9:00~21:00
休館日：月曜日、12/28~1/4",,飲み口型,,
35.61893,139.69901,中央体育館,目黒区目黒本町５－２２－８,１・２・３・４階,9:00~22:00,,飲み口型,,
35.60936002,139.6733404,緑が丘文化会館,目黒区緑が丘２－１４－２３,１・２・３階,"9:00~21:00
休館日：月曜日、12/28~1/4",,飲み口型,,
35.60938244,139.673265,緑が丘文化会館別館,目黒区緑が丘２－７－２０,１・２階,"9:00~21:00
休館日：月曜日、12/28~1/4",,飲み口型,,
35.72004544,139.4391628,若葉図書館,立川市若葉町３－３４－１,図書館入口,"・開館時間
平日          午前10時～午後7時
土・日・祝 午前10時～午後5時
・休館日
毎月第２・第４月曜日、年末年始",,飲み口型,,
35.702166,139.414107,女性総合センター・アイム,立川市曙町２－３６－２ファーレ立川センタースクエア,１・５階,"午前9時～午後10時
休館日(第３木曜日、年末年始、１月第３土曜日)を除く",,ボトルディスペンサー型・飲み口型,,
35.70220907,139.4139147,中央図書館,立川市曙町２－３６－２ファーレ立川センタースクエア,２・３・４階,"・開館時間
平日　　　 午前10時～午後8時
（4階児童フロアは午後5時まで）
土・日・祝 午前10時～午後5時
・休館日
毎週月曜日、毎月第3木曜日、年末年始
※月曜日や第3木曜日が祝日の場合は開館し、翌平日が振替休館となります。",,飲み口型,,
35.71597209,139.4063089,立川都民防災教育センター,立川市泉町１１５６－１,１階,,,飲み口型,,
35.70138,139.40184,立川市総合福祉センター,立川市富士見町2-36-47,1階、2階,午前8時30分～午後5時15分,,飲み口型,,
35.7088615,139.4122461,水道局多摩水道立川庁舎,立川市緑町６－７,１階,平日8:30-17:15,,飲み口型,,
35.73688319,139.6361202,貫井図書館,練馬区貫井１－３６－１６,１階だれでもトイレ前,"9:00~21:00
休館日：第3を除く月曜日",,飲み口型,,
35.737441,139.6359474,サンライフ練馬,練馬区貫井１－３６－１８,１階更衣室前・３階ロビー,9:00~22:00,,飲み口型,,
35.73816,139.63554,貫井地域集会所,練馬区貫井1-9-1　中村橋区民センター内,２階ホール、３階廊下,9:00~17:00,,ボトルディスペンサー型,,
35.72641499,139.5813146,関保健相談所,練馬区関町東１－２７－４,１階,平日8:30~17:15,,飲み口型,,
35.72101651,139.5803206,関町図書館,練馬区関町南３－１１－２,２階,"平日 9:00~20:00、土日祝 9:00~19:00
休館日：第1を除く月曜日",,飲み口型,,
35.72448602,139.5777731,関区民センター,練馬区関町北１－７－２,１・２・３階,,,飲み口型,,
35.75852313,139.6288889,光が丘駅（都営大江戸線）,練馬区光が丘２－９－５,ホーム,始発から終電まで,有料,飲み口型,,
35.75938164,139.6297431,光が丘区民センター,練馬区光が丘２－９－６,３階,,,飲み口型,,
35.76317762,139.6301408,光が丘図書館,練馬区光が丘４－１－５,１階入口,"平日 9:00~20:00、土日祝 9:00~19:00
休館日：第2を除く月曜日",,飲み口型,,
35.74563672,139.6663999,桜台体育館,練馬区桜台3-28-1,１階ロビー,"9:00~21:30
休館日：第２月曜日（この日が祝休日のときはその翌日）",,飲み口型,,
35.75726824,139.6064794,三原台温水プール,練馬区三原台２－１１－２９,１階ロビー・プール室内,"9:00~21:30
休館日：第２月曜日（祝休日のときはその翌日）",,飲み口型,,
35.75617946,139.6478259,春日町リサイクルセンター,練馬区春日町２－１４－１６,１階コミュニティーコーナー,"9:00~17:00
休館日：毎週水曜日※祝・休日は開館し、その直後の祝・休日でない日に休館",,飲み口型,,
35.75148281,139.6401075,練馬春日町駅（都営大江戸線）,練馬区春日町３－２９－２５,ホーム,始発から終電まで,有料,飲み口型,,
35.75263316,139.6392617,春日町青少年館,練馬区春日町４－１６－９,１・３階,"9:00~21:30
定休日：木（祝日にあたる場合はその翌日）",,飲み口型,,
35.75064753,139.6394708,春日町地域集会所,練馬区春日町5-30-1,２階給湯室,9:00~17:00,,飲み口型,,
35.75140387,139.6394257,春日町図書館,"練馬区春日町５－３１－２－２０１
エリム春日町２階",ラウンジ・児童コーナー,"9:00~21:00
休館日：第3を除く月曜日",,飲み口型,,
35.7418682,139.6760428,小竹図書館,練馬区小竹町２－４３－１,１階フロア,"平日 9:00~20:00、土日祝 9:00~19:00
休館日：第2を除く月曜日",,飲み口型,,
35.72262131,139.5873606,上石神井体育館,練馬区上石神井１－３２－３７,地下２階（プール受付前・プール室内）・地下１階,"9:00~21:30
休館日：第２月曜日（祝休日のときはその翌日）",,飲み口型,,
35.76004561,139.572668,西大泉地区区民館（令和７年７月から令和８年９月まで使用休止）,練馬区西大泉5-3-32,２階レクルーム向い,9:00~17:00,,飲み口型,,
35.73639961,139.5994989,石神井図書館,練馬区石神井台１－１６－３１,１階ロビー,"平日 9:00~20:00、土日祝 9:00~19:00
休館日：第2を除く月曜日",,飲み口型,,
35.73985,139.59406,石神井松の風文化公園,練馬区石神井台１－３３－４４,管理棟１階,,,飲み口型,,
35.74415673,139.6072005,石神井公園区民交流センター,練馬区石神井町２－１４－１,２・３階ロビー,"9:00~22:00
定休日：年末年始・夏季大掃除日",,飲み口型,,
35.73756828,139.5994053,石神井公園ふるさと文化館,練馬区石神井町５－１２－１６,1階,"9:00~18:00
定休日：月曜日（月曜日が祝休日のときは、その翌平日）",,飲み口型,,
35.74470181,139.601335,石神井保健相談所,練馬区石神井町７－３－２８,１階,平日 8:30~17:00,,飲み口型,,
35.74517248,139.6015478,男女共同参画センターえーる,練馬区石神井町８－１－１０,２階給湯室・３階給湯室,9:00~21:30,,飲み口型,,
35.76068696,139.5869223,大泉図書館,練馬区大泉学園町２－２１－１７,１・２階,"平日 9:00~20:00、土日祝 9:00~19:00
休館日：第3を除く月曜日",,飲み口型,,
35.76555637,139.5884489,大泉北地域集会所,練馬区大泉学園町4-21-1,２階、３階ロビー,9:00~17:00,,飲み口型,,
35.76524,139.58438,大泉学園町体育館,練馬区大泉学園町５－１４－２４,地下１階（プール室内・トレーニング室前）・１階,"9:00~21:30
休館日：第２月曜日（祝休日のときはその翌日）",,飲み口型,,
35.77474469,139.6013883,大泉さくら運動公園,練馬区大泉学園町9-4-5,管理事務所前,9:00~21:00,,飲み口型,,
35.77765666,139.5898403,希望が丘公園多目的運動場,練馬区大泉学園町９丁目１-２,管理事務所前,9:00~21:00,,飲み口型,,
35.76534664,139.6091378,稲荷山図書館,練馬区大泉町１－３－１８,１階,"平日 9:00~20:00、土日祝 9:00~19:00
休館日：第1を除く月曜日",,飲み口型,,
35.76913975,139.6042161,中里郷土の森緑地,練馬区大泉町１－５１－２,１階,"3月~９月：9:00~17:00、10月~2月：9:00~16:30
定休日：火曜日（火曜日が祝休日に当たる場合はその直後の祝休日でない日）",,飲み口型,,
35.76480976,139.6042362,北大泉地区区民館,練馬区大泉町2-41-26,１階廊下・２階廊下,9:00~17:00,,飲み口型,,
35.76712396,139.5963096,北大泉野球場（令和7年12月1日から令和8年3月19日まで使用休止）,練馬区大泉町3-31-44,管理事務所前,"休場日：12/29~1/3
（令和7年12月1日から令和8年3月19日まで使用休止）",,飲み口型,,
35.76215675,139.5932641,大泉運動場,練馬区大泉町５－２４－１２,管理棟１階,,,飲み口型,,
35.74954,139.62161,練馬区立総合体育館,練馬区谷原１－７－５,１階・２階・地階,9:00~21:30,,飲み口型,,
35.72938,139.64851,中村南スポーツ交流センター,練馬区中村南１－２－３２,地下１階・１・２階,"9:00~21:30
休館日：第２月曜日（祝休日のときはその翌日）",,飲み口型,,
35.73480072,139.6476257,水道局練馬営業所,練馬区中村北１－９－４,１階,平日8:30-17:15,,飲み口型,,
35.76957697,139.615207,土支田庭球場,練馬区土支田４－３１－２４,管理棟１階,,,飲み口型,,
35.75635348,139.5975069,びくに公園庭球場,練馬区東大泉２ー２８ー３１,管理棟屋外,,,飲み口型,,
35.74824376,139.5875586,勤労福祉会館,練馬区東大泉５－４０－３６,１階トレーニング室前・２階料理室前,9:00~22:00,,飲み口型,,
35.743399,139.5748036,南大泉青少年館,練馬区南大泉１－４４－７,談話ホール,"9:00~21:30
定休日：月曜日（祝日にあたる場合はその翌日）",,飲み口型,,
35.74342553,139.5749048,南大泉図書館,練馬区南大泉１－４４－７,１階エントランスホール,"9:00~21:30　
休館日：第1を除く月曜日",,飲み口型,,
35.74175721,139.569835,こどもと本のひろば,練馬区南大泉３－１７－２０,１・２階,"平日 9:00~20:00、土日祝 9:00~19:00
休館日：第1を除く月曜日",,飲み口型,,
35.73791531,139.6111021,南田中図書館,練馬区南田中５－１５－２２,１階,"平日 9:00~20:00、土日祝 9:00~19:00
休館日：第3を除く月曜日",,飲み口型,,
35.76019926,139.6646867,平和台図書館,練馬区平和台１－３６－１７,１階休憩コーナー・２階こどもコーナー,"平日 9:00~20:00、土日祝 9:00~19:00
休館日：第1を除く月曜日",,飲み口型,,
35.75933,139.66176,平和台体育館,練馬区平和台２－１２－５,地下２階・地下１階,"9:00~21:30
休館日：第２月曜日（祝休日のときはその翌日）",,飲み口型,,
35.73786965,139.6539446,練馬駅（都営大江戸線）,練馬区豊玉北５－１７－１２,ホーム,始発から終電まで,有料,飲み口型,,
35.73571,139.65167,練馬区役所本庁舎,練馬区豊玉北6-12-1,１階,"8:30~17:15
定休日：毎月第４日曜日",,飲み口型,,
35.73411458,139.6520924,"練馬図書館
（生涯学習センター併設）",練馬区豊玉北６－８－１,１階,"9:00~21:30
休館日：月曜（ただし第2月曜、祝・祭日は除く）",,飲み口型,,
35.75716443,139.6495672,北保健相談所,練馬区北町６－３５－７,1階ロビー,平日 8:30~17:00,,飲み口型,,
35.73934,139.65359,練馬文化センター,練馬区練馬１－１７－３７,１階,9:00~22:00,,飲み口型,,
35.74510251,139.6532795,練馬総合運動場公園,練馬区練馬２－２９－１０,管理棟１階,,,飲み口型,,
35.7425371,139.6488926,豊島園駅（都営大江戸線）,練馬区練馬４－１４－１７,ホーム,始発から終電まで,有料,飲み口型,,
